mtllib Firefly.mtl

o Wings
v -0.53771253 -0.3861811 0.86031616
v -0.93369893 -0.09973615 0.59333783
v -0.40424405 -0.06599227 0.51126689
v -0.3454018 -0.10927466 0.57454729
v -0.53748263 -0.36275928 0.88447928
v -0.34670035 -0.08425048 0.59701055
v -0.40637301 -0.0397281 0.53219897
v -0.93533043 -0.07223865 0.61266959
v -0.04209198 0.14552246 0.39943314
v -0.49190914 0.0195759 0.4446041
v -1.31788265 0.06828931 0.21461509
v -2.27283488 -1.42996975 1.77600121
v -2.79952707 -1.02850366 1.47029042
v -3.07367287 -1.45066622 1.85373092
v -2.58866699 -1.74309682 2.07801008
v -1.60764428 -0.29712769 0.80441493
v -2.0114691 -0.15981009 0.33768362
v -2.51168556 -0.4297959 0.55042446
v -2.17519087 -0.54285384 1.01938248
v -1.06101923 -0.69560752 1.16623306
v -1.5346643 -0.86312546 1.26408768
v -3.3257373 -1.88375514 2.24207854
v -3.35537103 -2.17395442 2.42411399
v -3.0134602 -2.06292286 2.36510706
v -2.4090194 -0.68773732 1.15140986
v -2.74417299 -0.58100492 0.67954057
v -3.17336097 -0.9173346 0.98511744
v -2.06266582 -1.20891851 1.50934005
v -2.06115258 -1.18747586 1.53523588
v -2.27510558 -1.45193787 1.7506094
v -3.51012217 -1.3682409 1.44469833
v -3.63397653 -1.81662401 1.94583726
v -0.04209198 0.14552246 0.39943314
v -0.48970126 -0.00977221 0.42828512
v -1.31272017 0.03854366 0.19974779
v -2.27510558 -1.45193787 1.7506094
v -2.5904134 -1.76497101 2.05249572
v -3.0678011 -1.47496632 1.83120251
v -2.79375543 -1.05392171 1.44900441
v -1.60359414 -0.32331764 0.78367436
v -2.17008513 -0.56905014 0.99888289
v -2.50171799 -0.45835231 0.53569353
v -2.00387022 -0.18917131 0.32310039
v -1.0605263 -0.71730855 1.14051712
v -1.5352278 -0.88462175 1.23820066
v -3.31679708 -1.90455811 2.21718264
v -3.01416759 -2.08330908 2.33834124
v -3.34788374 -2.19193357 2.39667034
v -2.40385191 -0.71397099 1.13097525
v -3.161127 -0.9443231 0.96916574
v -2.73407715 -0.60962224 0.66499949
v -3.49715768 -1.39358789 1.42675543
v -3.61983282 -1.83983048 1.92599058
v -1.31272017 0.03854366 0.19974779
v -0.48970126 -0.00977221 0.42828512
v -2.5904134 -1.76497101 2.05249572
v -2.00387022 -0.18917131 0.32310039
v -3.01416759 -2.08330908 2.33834124
v -3.34788374 -2.19193357 2.39667034
v -3.161127 -0.9443231 0.96916574
v -2.73407715 -0.60962224 0.66499949
v -0.3454018 -0.10927466 0.57454729
v -0.53771253 -0.3861811 0.86031616
v -2.50171799 -0.45835231 0.53569353
v -1.0605263 -0.71730855 1.14051712
v -3.61983282 -1.83983048 1.92599058
v -3.49715768 -1.39358789 1.42675543
v -2.06266582 -1.20891851 1.50934005
v -1.5352278 -0.88462175 1.23820066
v -2.63238806 -0.50247877 0.61061585
v -2.29941409 -0.60942098 1.07916355
v -1.86757137 -1.00028698 1.35569215
v -2.62233323 -0.53107612 0.59601021
v -2.29423898 -0.63565143 1.05872631
v -1.86867537 -1.02157776 1.32964468
v -1.86867537 -1.02157776 1.32964468
v -2.62233323 -0.53107612 0.59601021
v 0.53771262 -0.38618101 0.86031616
v 0.34540185 -0.1092746 0.57454729
v 0.40424408 -0.0659922 0.51126689
v 0.93369897 -0.09973598 0.59333783
v 0.53748272 -0.36275919 0.88447928
v 0.93533047 -0.07223848 0.61266959
v 0.40637304 -0.03972802 0.53219897
v 0.34670039 -0.08425042 0.59701055
v 0.04209198 0.14552246 0.39943314
v 0.49190916 0.01957598 0.4446041
v 1.31788266 0.06828954 0.21461509
v 2.27283515 -1.42996935 1.77600121
v 2.58866732 -1.74309636 2.07801008
v 3.07367315 -1.45066568 1.85373092
v 2.79952727 -1.02850317 1.47029042
v 1.60764436 -0.2971274 0.80441493
v 2.17519099 -0.54285352 1.01938248
v 2.51168566 -0.42979552 0.55042446
v 2.01146915 -0.15980974 0.33768362
v 1.06101937 -0.69560733 1.16623306
v 1.53466448 -0.86312519 1.26408768
v 3.32573765 -1.88375456 2.24207854
v 3.01346059 -2.06292233 2.36510706
v 3.35537144 -2.17395384 2.42411399
v 2.40901954 -0.6877369 1.15140986
v 3.17336116 -0.91733404 0.98511744
v 2.74417311 -0.58100444 0.67954057
v 2.06266606 -1.20891815 1.50934005
v 2.27510585 -1.45193748 1.7506094
v 2.06115281 -1.1874755 1.53523588
v 3.51012243 -1.36824029 1.44469833
v 3.63397687 -1.81662337 1.94583726
v 0.04209198 0.14552246 0.39943314
v 0.48970128 -0.00977212 0.42828512
v 1.31272019 0.03854389 0.19974779
v 2.27510585 -1.45193748 1.7506094
v 2.79375564 -1.05392122 1.44900441
v 3.06780138 -1.47496578 1.83120251
v 2.59041374 -1.76497055 2.05249572
v 1.60359422 -0.32331736 0.78367436
v 2.00387028 -0.18917096 0.32310039
v 2.5017181 -0.45835187 0.53569353
v 2.17008549 -0.56904982 0.99888295
v 1.06052645 -0.71730837 1.14051712
v 1.53522798 -0.88462149 1.23820066
v 3.31679744 -1.90455753 2.21718264
v 3.34788414 -2.19193298 2.39667034
v 3.01416798 -2.08330855 2.33834124
v 2.40385206 -0.71397057 1.13097525
v 2.73407728 -0.60962176 0.66499949
v 3.16112719 -0.94432255 0.96916574
v 3.49715795 -1.39358728 1.42675543
v 3.61983317 -1.83982984 1.92599058
v 1.31272019 0.03854389 0.19974779
v 0.48970128 -0.00977212 0.42828512
v 2.59041374 -1.76497055 2.05249572
v 2.00387028 -0.18917096 0.32310039
v 3.01416798 -2.08330855 2.33834124
v 3.34788414 -2.19193298 2.39667034
v 3.16112719 -0.94432255 0.96916574
v 2.73407728 -0.60962176 0.66499949
v 0.34540185 -0.1092746 0.57454729
v 0.53771262 -0.38618101 0.86031616
v 2.5017181 -0.45835187 0.53569353
v 1.06052645 -0.71730837 1.14051712
v 3.61983317 -1.83982984 1.92599058
v 3.49715795 -1.39358728 1.42675543
v 2.06266606 -1.20891815 1.50934005
v 1.53522798 -0.88462149 1.23820066
v 2.63238841 -0.50247837 0.61061591
v 2.29941422 -0.60942058 1.07916355
v 1.86757157 -1.00028665 1.35569215
v 2.62233359 -0.53107573 0.59601027
v 2.29423911 -0.63565109 1.05872631
v 1.86867557 -1.02157743 1.32964468
v 1.86867557 -1.02157743 1.32964468
v 2.62233359 -0.53107573 0.59601027
vn -0.59398 0.79147 -0.14413
vn -0.04825 0.81729 -0.5742
vn -0.09873 0.75814 -0.64457
vn -0.57552 0.78395 -0.23282
vn -0.58812 -0.14065 0.79645
vn -0.51696 -0.29742 0.80268
vn 0.06853 -0.77756 0.62506
vn 0.04848 -0.8171 0.57445
vn -0.85368 -0.44696 -0.26733
vn 0.0438 -0.97638 -0.21157
vn 0.11167 -0.9204 -0.37469
vn -0.63406 -0.1323 0.76188
vn 0.17325 -0.75514 0.63225
vn 0.17448 -0.72209 0.66943
vn -0.5849 -0.07641 0.8075
vn 0.11991 -0.78089 0.61305
vn 0.43845 -0.83787 -0.32517
vn 0.55625 -0.78002 -0.28663
vn 0.14529 -0.76781 0.62399
vn -0.36639 0.03043 0.92997
vn -0.27552 0.05351 0.95981
vn 0.26568 -0.61817 0.73979
vn 0.39167 0.32227 0.86182
vn -0.41133 0.08566 0.90745
vn 0.14229 -0.77279 0.61851
vn 0.67579 -0.6986 -0.2351
vn 0.78072 -0.60296 -0.16403
vn -0.52162 0.7913 -0.31899
vn -0.62501 -0.13842 0.76825
vn -0.54839 0.78351 -0.29221
vn 0.89541 -0.44525 0.00178
vn 0.9479 -0.17607 0.26549
vn -0.09221 0.36639 -0.92588
vn -0.09095 0.21608 -0.97213
vn -0.5147 0.82336 -0.23909
vn -0.17459 0.72202 -0.66948
vn -0.17328 0.75511 -0.63229
vn -0.11992 0.78095 -0.61297
vn -0.14529 0.76764 -0.6242
vn 0.18306 0.43151 -0.88334
vn 0.14007 0.34495 -0.92811
vn -0.39075 0.91648 -0.08594
vn -0.29473 0.94161 -0.16281
vn -0.26442 0.61849 -0.73997
vn -0.39662 0.90905 -0.12778
vn 0.16049 0.98432 -0.07321
vn -0.14206 0.77276 -0.61859
vn 0.30206 0.48275 -0.82202
vn 0.21614 0.47089 -0.8553
vn 0.38297 0.5732 -0.72441
vn 0.4509 0.74149 -0.49687
vn 0.61953 -0.73668 -0.27109
vn 0.14759 -0.77191 0.61836
vn -0.44494 -0.05902 0.89361
vn 0.1996 0.45228 -0.86925
vn -0.14746 0.77179 -0.61854
vn -0.37768 0.87041 -0.31582
vn 0.59398 0.79147 -0.14413
vn 0.57552 0.78395 -0.23282
vn 0.09873 0.75814 -0.64457
vn 0.04825 0.81729 -0.5742
vn 0.58812 -0.14065 0.79645
vn -0.04848 -0.8171 0.57445
vn -0.06853 -0.77756 0.62506
vn 0.51696 -0.29742 0.80268
vn 0.85368 -0.44696 -0.26733
vn -0.0438 -0.97638 -0.21157
vn -0.11167 -0.9204 -0.37469
vn 0.63406 -0.1323 0.76188
vn 0.5849 -0.07641 0.8075
vn -0.17448 -0.72209 0.66943
vn -0.17325 -0.75514 0.63225
vn -0.11991 -0.78089 0.61305
vn -0.14529 -0.76781 0.62399
vn -0.55625 -0.78002 -0.28663
vn -0.43845 -0.83787 -0.32517
vn 0.36639 0.03043 0.92997
vn 0.27552 0.05351 0.95981
vn -0.26568 -0.61817 0.73979
vn 0.41133 0.08566 0.90745
vn -0.39167 0.32227 0.86182
vn -0.14229 -0.77279 0.61851
vn -0.78072 -0.60296 -0.16403
vn -0.67579 -0.6986 -0.2351
vn 0.52162 0.7913 -0.31899
vn 0.54839 0.78351 -0.29221
vn 0.625 -0.13842 0.76825
vn -0.89541 -0.44525 0.00178
vn -0.9479 -0.17607 0.26549
vn 0.09221 0.36639 -0.92588
vn 0.09095 0.21608 -0.97213
vn 0.17328 0.75511 -0.63229
vn 0.17459 0.72202 -0.66948
vn 0.5147 0.82336 -0.23909
vn 0.11992 0.78095 -0.61297
vn -0.14007 0.34495 -0.92811
vn -0.18306 0.43151 -0.88334
vn 0.14529 0.76764 -0.6242
vn 0.39075 0.91648 -0.08594
vn 0.29473 0.94161 -0.16281
vn 0.26442 0.61849 -0.73997
vn -0.16049 0.98432 -0.07321
vn 0.39662 0.90905 -0.12778
vn 0.14206 0.77276 -0.61859
vn -0.21614 0.47089 -0.8553
vn -0.30206 0.48275 -0.82202
vn -0.38297 0.5732 -0.72441
vn -0.4509 0.74149 -0.49687
vn -0.61953 -0.73668 -0.27109
vn -0.14759 -0.77191 0.61836
vn 0.44494 -0.05902 0.89361
vn -0.1996 0.45228 -0.86925
vn 0.14746 0.77179 -0.61854
vn 0.37768 0.87041 -0.31582
vt 0.87638 0.59611
vt 0.91737 0.66074
vt 0.94508 0.59235
vt 0.93669 0.58197
vt 0.65315 0.50844
vt 0.66502 0.56943
vt 0.67832 0.57321
vt 0.72923 0.51937
vt 0.65494 0.62729
vt 0.69683 0.57799
vt 0.80626 0.53194
vt 0.74623 0.20475
vt 0.84386 0.22842
vt 0.83855 0.14181
vt 0.75491 0.12951
vt 0.7802 0.43179
vt 0.86564 0.45054
vt 0.89725 0.37436
vt 0.81913 0.35093
vt 0.67586 0.4159
vt 0.71432 0.35458
vt 0.83101 0.05589
vt 0.81688 0.01254
vt 0.77884 0.04773
vt 0.8315 0.31082
vt 0.90949 0.33457
vt 0.92663 0.25137
vt 0.73985 0.26097
vt 0.7444 0.2619
vt 0.74161 0.20448
vt 0.92145 0.15229
vt 0.89026 0.06368
vt 0.98689 0.54948
vt 0.95596 0.60702
vt 0.96144 0.72467
vt 0.64055 0.80639
vt 0.57558 0.84504
vt 0.61996 0.91528
vt 0.70119 0.88508
vt 0.85999 0.74329
vt 0.80279 0.81247
vt 0.85562 0.87295
vt 0.91171 0.81247
vt 0.802 0.65565
vt 0.76327 0.71662
vt 0.5384 0.94295
vt 0.51127 0.89993
vt 0.49177 0.94699
vt 0.77134 0.8403
vt 0.75541 0.95029
vt 0.82431 0.90063
vt 0.66282 0.98555
vt 0.56944 0.99289
vt 0.80912 0.53571
vt 0.6996 0.58182
vt 0.75036 0.12853
vt 0.86976 0.45273
vt 0.77471 0.04548
vt 0.81707 0.00728
vt 0.93127 0.25182
vt 0.914 0.33563
vt 0.66032 0.56934
vt 0.64846 0.50807
vt 0.90161 0.37591
vt 0.67165 0.41392
vt 0.89403 0.06081
vt 0.92605 0.15148
vt 0.69208 0.78199
vt 0.70995 0.35283
vt 0.90484 0.35488
vt 0.82729 0.33148
vt 0.7429 0.309
vt 0.84048 0.88741
vt 0.78853 0.82805
vt 0.7345 0.76191
vt 0.73937 0.30779
vt 0.90973 0.35633
usemtl FireflyMaterial1
f 1/1/1 2/2/2 3/3/3
f 3/3/3 4/4/4 1/1/1
f 5/5/5 6/6/6 7/7/7
f 7/7/7 8/8/8 5/5/5
f 9/9/9 10/10/10 7/7/7
f 9/9/9 7/7/7 6/6/6
f 8/8/8 7/7/7 10/10/10
f 10/10/10 11/11/11 8/8/8
f 12/12/12 13/13/13 14/14/14
f 14/14/14 15/15/15 12/12/12
f 16/16/16 17/17/17 18/18/18
f 18/18/18 19/19/19 16/16/16
f 20/20/20 16/16/16 19/19/19
f 19/19/19 21/21/21 20/20/20
f 8/8/8 11/11/11 17/17/17
f 17/17/17 16/16/16 8/8/8
f 22/22/22 23/23/23 24/24/24
f 25/25/25 26/26/26 27/27/27
f 27/27/27 13/13/13 25/25/25
f 28/28/28 29/29/29 12/12/12
f 12/12/12 30/30/30 28/28/28
f 5/5/5 8/8/8 16/16/16
f 16/16/16 20/20/20 5/5/5
f 13/13/13 27/27/27 31/31/31
f 31/31/31 14/14/14 13/13/13
f 14/14/14 31/31/31 32/32/32
f 32/32/32 22/22/22 14/14/14
f 15/15/15 14/14/14 22/22/22
f 22/22/22 24/24/24 15/15/15
f 32/32/32 23/23/23 22/22/22
f 33/33/9 3/3/3 34/34/33
f 33/33/9 4/4/4 3/3/3
f 2/2/2 35/35/34 34/34/33
f 34/34/33 3/3/3 2/2/2
f 36/36/30 37/37/35 38/38/36
f 38/38/36 39/39/37 36/36/30
f 40/40/38 41/41/39 42/42/40
f 42/42/40 43/43/41 40/40/38
f 44/44/42 45/45/43 41/41/39
f 41/41/39 40/40/38 44/44/42
f 2/2/2 40/40/38 43/43/41
f 43/43/41 35/35/34 2/2/2
f 46/46/44 47/47/45 48/48/46
f 49/49/47 39/39/37 50/50/48
f 50/50/48 51/51/49 49/49/47
f 1/1/1 44/44/42 40/40/38
f 40/40/38 2/2/2 1/1/1
f 39/39/37 38/38/36 52/52/50
f 52/52/50 50/50/48 39/39/37
f 38/38/36 46/46/44 53/53/51
f 53/53/51 52/52/50 38/38/36
f 37/37/35 47/47/45 46/46/44
f 46/46/44 38/38/36 37/37/35
f 53/53/51 46/46/44 48/48/46
f 54/54/34 11/11/11 10/10/10
f 10/10/10 55/55/33 54/54/34
f 30/30/30 12/12/12 15/15/15
f 15/15/15 56/56/35 30/30/30
f 57/57/41 17/17/17 11/11/11
f 11/11/11 54/54/34 57/57/41
f 58/58/45 24/24/24 23/23/23
f 23/23/23 59/59/46 58/58/45
f 60/60/48 27/27/27 26/26/26
f 26/26/26 61/61/49 60/60/48
f 9/9/9 55/55/33 10/10/10
f 56/56/35 15/15/15 24/24/24
f 24/24/24 58/58/45 56/56/35
f 62/62/4 6/6/6 5/5/5
f 5/5/5 63/63/1 62/62/4
f 64/64/40 18/18/18 17/17/17
f 17/17/17 57/57/41 64/64/40
f 63/63/1 5/5/5 20/20/20
f 20/20/20 65/65/42 63/63/1
f 59/59/46 23/23/23 32/32/32
f 32/32/32 66/66/51 59/59/46
f 66/66/51 32/32/32 31/31/31
f 31/31/31 67/67/50 66/66/51
f 6/6/6 62/62/4 9/9/9
f 68/68/28 36/36/30 39/39/37
f 39/39/37 49/49/47 68/68/28
f 67/67/50 31/31/31 27/27/27
f 27/27/27 60/60/48 67/67/50
f 65/65/42 20/20/20 21/21/21
f 21/21/21 69/69/43 65/65/42
f 70/70/52 26/26/26 25/25/25
f 25/25/25 71/71/53 70/70/52
f 18/18/18 70/70/52 71/71/53
f 71/71/53 19/19/19 18/18/18
f 71/71/53 25/25/25 29/29/29
f 29/29/29 72/72/54 71/71/53
f 19/19/19 71/71/53 72/72/54
f 72/72/54 21/21/21 19/19/19
f 73/73/55 42/42/40 41/41/39
f 41/41/39 74/74/56 73/73/55
f 51/51/49 73/73/55 74/74/56
f 74/74/56 49/49/47 51/51/49
f 74/74/56 41/41/39 45/45/43
f 45/45/43 75/75/57 74/74/56
f 49/49/47 74/74/56 75/75/57
f 75/75/57 68/68/28 49/49/47
f 72/72/54 29/29/29 28/28/28
f 28/28/28 76/76/57 72/72/54
f 21/21/21 72/72/54 76/76/57
f 76/76/57 69/69/43 21/21/21
f 70/70/52 18/18/18 64/64/40
f 64/64/40 77/77/55 70/70/52
f 26/26/26 70/70/52 77/77/55
f 77/77/55 61/61/49 26/26/26
f 29/29/29 25/25/25 13/13/13
f 13/13/13 12/12/12 29/29/29
f 78/1/58 79/4/59 80/3/60
f 80/3/60 81/2/61 78/1/58
f 82/5/62 83/8/63 84/7/64
f 84/7/64 85/6/65 82/5/62
f 86/9/66 84/7/64 87/10/67
f 86/9/66 85/6/65 84/7/64
f 83/8/63 88/11/68 87/10/67
f 87/10/67 84/7/64 83/8/63
f 89/12/69 90/15/70 91/14/71
f 91/14/71 92/13/72 89/12/69
f 93/16/73 94/19/74 95/18/75
f 95/18/75 96/17/76 93/16/73
f 97/20/77 98/21/78 94/19/74
f 94/19/74 93/16/73 97/20/77
f 83/8/63 93/16/73 96/17/76
f 96/17/76 88/11/68 83/8/63
f 99/22/79 100/24/80 101/23/81
f 102/25/82 92/13/72 103/27/83
f 103/27/83 104/26/84 102/25/82
f 105/28/85 106/30/86 89/12/69
f 89/12/69 107/29/87 105/28/85
f 82/5/62 97/20/77 93/16/73
f 93/16/73 83/8/63 82/5/62
f 92/13/72 91/14/71 108/31/88
f 108/31/88 103/27/83 92/13/72
f 91/14/71 99/22/79 109/32/89
f 109/32/89 108/31/88 91/14/71
f 90/15/70 100/24/80 99/22/79
f 99/22/79 91/14/71 90/15/70
f 109/32/89 99/22/79 101/23/81
f 110/33/66 111/34/90 80/3/60
f 110/33/66 80/3/60 79/4/59
f 81/2/61 80/3/60 111/34/90
f 111/34/90 112/35/91 81/2/61
f 113/36/86 114/39/92 115/38/93
f 115/38/93 116/37/94 113/36/86
f 117/40/95 118/43/96 119/42/97
f 119/42/97 120/41/98 117/40/95
f 121/44/99 117/40/95 120/41/98
f 120/41/98 122/45/100 121/44/99
f 81/2/61 112/35/91 118/43/96
f 118/43/96 117/40/95 81/2/61
f 123/46/101 124/48/102 125/47/103
f 126/49/104 127/51/105 128/50/106
f 128/50/106 114/39/92 126/49/104
f 78/1/58 81/2/61 117/40/95
f 117/40/95 121/44/99 78/1/58
f 114/39/92 128/50/106 129/52/107
f 129/52/107 115/38/93 114/39/92
f 115/38/93 129/52/107 130/53/108
f 130/53/108 123/46/101 115/38/93
f 116/37/94 115/38/93 123/46/101
f 123/46/101 125/47/103 116/37/94
f 130/53/108 124/48/102 123/46/101
f 131/54/91 132/55/90 87/10/67
f 87/10/67 88/11/68 131/54/91
f 106/30/86 133/56/94 90/15/70
f 90/15/70 89/12/69 106/30/86
f 134/57/96 131/54/91 88/11/68
f 88/11/68 96/17/76 134/57/96
f 135/58/103 136/59/102 101/23/81
f 101/23/81 100/24/80 135/58/103
f 137/60/106 138/61/105 104/26/84
f 104/26/84 103/27/83 137/60/106
f 86/9/66 87/10/67 132/55/90
f 133/56/94 135/58/103 100/24/80
f 100/24/80 90/15/70 133/56/94
f 139/62/59 140/63/58 82/5/62
f 82/5/62 85/6/65 139/62/59
f 141/64/97 134/57/96 96/17/76
f 96/17/76 95/18/75 141/64/97
f 140/63/58 142/65/99 97/20/77
f 97/20/77 82/5/62 140/63/58
f 136/59/102 143/66/108 109/32/89
f 109/32/89 101/23/81 136/59/102
f 143/66/108 144/67/107 108/31/88
f 108/31/88 109/32/89 143/66/108
f 85/6/65 86/9/66 139/62/59
f 145/68/85 126/49/104 114/39/92
f 114/39/92 113/36/86 145/68/85
f 144/67/107 137/60/106 103/27/83
f 103/27/83 108/31/88 144/67/107
f 142/65/99 146/69/100 98/21/78
f 98/21/78 97/20/77 142/65/99
f 147/70/109 148/71/110 102/25/82
f 102/25/82 104/26/84 147/70/109
f 95/18/75 94/19/74 148/71/110
f 148/71/110 147/70/109 95/18/75
f 148/71/110 149/72/111 107/29/87
f 107/29/87 102/25/82 148/71/110
f 94/19/74 98/21/78 149/72/111
f 149/72/111 148/71/110 94/19/74
f 150/73/112 151/74/113 120/41/98
f 120/41/98 119/42/97 150/73/112
f 127/51/105 126/49/104 151/74/113
f 151/74/113 150/73/112 127/51/105
f 151/74/113 152/75/114 122/45/100
f 122/45/100 120/41/98 151/74/113
f 126/49/104 145/68/85 152/75/114
f 152/75/114 151/74/113 126/49/104
f 149/72/111 153/76/114 105/28/85
f 105/28/85 107/29/87 149/72/111
f 98/21/78 146/69/100 153/76/114
f 153/76/114 149/72/111 98/21/78
f 147/70/109 154/77/112 141/64/97
f 141/64/97 95/18/75 147/70/109
f 104/26/84 138/61/105 154/77/112
f 154/77/112 147/70/109 104/26/84
f 107/29/87 89/12/69 92/13/72
f 92/13/72 102/25/82 107/29/87
# Vertices: 154, normals: 114, texture coordinates: 77, faces: 220

o Body
v 2.4E-07 -2.69779205 0
v 2.3E-07 -2.66371775 0.25881898
v -0.06698706 -2.66371775 0.25
v -0.22414366 -2.19779207 0.83651626
v -0.18301247 -2.40489866 0.68301278
v 2.1E-07 -2.40489864 0.70710689
v 1.9E-07 -2.19779205 0.86602545
v -0.24999986 -1.43897297 0.93301266
v -0.25881887 -1.69779208 0.96592581
v 1.5E-07 -1.69779205 1
v 1.3E-07 -1.43897307 0.96592581
v -0.16412324 -0.82692183 0.63674408
v -0.19056094 -0.99059953 0.71146756
v 9E-08 -0.99068522 0.73613864
v 7E-08 -0.82706523 0.65946639
v -0.12940928 -2.56381751 0.48296291
v 2.2E-07 -2.5638175 0.4999997
v -0.24999981 -1.95661106 0.93301266
v 1.7E-07 -1.95661104 0.96592575
v -0.22414374 -1.19779195 0.83651626
v 1E-07 -1.19779193 0.86602539
v -0.49999982 -1.6977921 0.86602539
v -0.48296271 -1.95661108 0.8365162
v -0.36813554 -0.99058947 0.63796276
v -0.43301253 -1.19779197 0.74999994
v -0.24999976 -2.56381752 0.43301266
v -0.12940927 -2.66371776 0.22414386
v -0.43301244 -2.19779209 0.75
v -0.48296275 -1.43897311 0.83651626
v -0.35355311 -2.40489867 0.61237246
v -0.31862171 -0.82598463 0.57150561
v -0.61237215 -2.19779211 0.6123724
v -0.4999997 -2.40489869 0.49999994
v -0.68301248 -1.43897301 0.68301266
v -0.70710656 -1.69779212 0.70710671
v -0.45171671 -0.82610575 0.46552077
v -0.52062229 -0.99068539 0.52049035
v -0.35355313 -2.56381753 0.35355335
v -0.68301243 -1.9566111 0.68301266
v -0.61237223 -1.19779211 0.6123724
v -0.18301245 -2.66371776 0.18301272
v 0.43264786 0.31395201 0.27582097
v 0.41296446 0.03148869 0.2793366
v 0.46960038 0.01658754 0.14868629
v 0.50182817 0.30645852 0.15098333
v 0.4160011 -0.26041427 0.28138879
v 0.46992894 -0.26978507 0.14892763
v 0.11619903 0.5620345 -0.41748691
v 0.12343993 0.35761667 -0.42303151
v -3E-08 0.35847282 -0.43381512
v -5E-08 0.56037116 -0.42801464
v -0.83651603 -1.95661111 0.48296285
v -0.74999969 -2.19779212 0.43301266
v -0.74999978 -1.19779212 0.4330126
v -0.83651608 -1.43897302 0.48296285
v -0.22414361 -2.66371777 0.12940955
v -0.12183667 -0.23533125 0.55151421
v -0.23640261 -0.24087193 0.49066672
v -0.25801219 -0.53747394 0.51172709
v -0.13369396 -0.53466303 0.57767612
v -0.61237207 -2.4048987 0.35355335
v -0.86602512 -1.69779213 0.49999988
v -0.55176841 -0.82841735 0.32429096
v -0.63762948 -0.99068528 0.36800355
v -0.43301241 -2.56381754 0.24999994
v -0.68301233 -2.4048987 0.18301266
v -0.48296259 -2.56381754 0.12940949
v -0.96592549 -1.69779214 0.25881895
v -0.93301243 -1.95661112 0.24999994
v -0.71118328 -0.99068529 0.19042897
v -0.8365161 -1.19779213 0.2241438
v -0.24999975 -2.66371777 0.06698728
v -0.83651601 -2.19779213 0.22414386
v -0.93301248 -1.43897315 0.24999994
v -0.61238657 -0.83119457 0.16351616
v -0.86602508 -2.19779213 0
v -0.70710638 -2.40489871 0
v -0.96592563 -1.43897315 -6E-08
v -0.99999961 -1.69779214 -6E-08
v -0.63323896 -0.83176666 -0.00155854
v -0.73627112 -0.99068529 -0.00013214
v -0.49999966 -2.56381754 0
v -0.96592558 -1.95661124 0
v -0.86602516 -1.19779213 -6E-08
v -0.25881878 -2.66371777 0
v -0.48296256 -2.56381754 -0.12940949
v -0.24999975 -2.66371777 -0.06698728
v -0.25881878 -2.66371777 0
v -0.49999966 -2.56381754 0
v -0.93301243 -1.95661124 -0.25
v -0.83651595 -2.19779213 -0.22414386
v -0.86602508 -2.19779213 0
v -0.96592558 -1.95661124 0
v -0.83651604 -1.19779213 -0.22414386
v -0.93301248 -1.43897315 -0.25000006
v -0.96592563 -1.43897315 -6E-08
v -0.86602516 -1.19779213 -6E-08
v 2.4E-07 -2.69779205 0
v -0.68301228 -2.4048987 -0.18301266
v -0.70710638 -2.40489871 0
v -0.96592543 -1.69779214 -0.25881904
v -0.99999961 -1.69779214 -6E-08
v -0.61166184 -0.83176666 -0.1654529
v -0.71118322 -0.99068529 -0.19069308
v -0.73627112 -0.99068529 -0.00013214
v -0.63323896 -0.83176666 -0.00155854
v -0.54840099 -0.83176665 -0.31817818
v -0.63762942 -0.99068528 -0.36826771
v -0.61237201 -2.4048987 -0.3535533
v -0.43301235 -2.56381754 -0.24999994
v -0.866025 -1.69779213 -0.5
v -0.83651603 -1.95661123 -0.48296297
v -0.74999972 -1.19779212 -0.43301272
v -0.22414361 -2.66371777 -0.12940949
v -0.74999963 -2.19779212 -0.43301266
v -0.83651608 -1.43897314 -0.48296291
v -0.18301245 -2.66371776 -0.18301266
v -0.61237209 -2.19779211 -0.6123724
v -0.49999961 -2.40489869 -0.49999988
v -0.68301248 -1.43897313 -0.68301272
v -0.70710638 -1.69779212 -0.70710659
v -0.44776748 -0.83176676 -0.44932616
v -0.52062223 -0.99068527 -0.52075458
v -0.35355304 -2.56381753 -0.35355335
v -0.68301243 -1.95661122 -0.68301272
v -0.61237217 -1.19779211 -0.6123724
v -0.36813548 -0.99068526 -0.63776159
v -0.43301247 -1.19779209 -0.74999988
v -0.24999967 -2.56381752 -0.4330126
v -0.12940927 -2.66371776 -0.22414386
v -0.48296268 -1.9566112 -0.83651626
v -0.43301238 -2.19779209 -0.74999988
v -0.48296272 -1.43897311 -0.83651614
v -0.41529278 0.46158453 -0.25757495
v -0.42455732 0.58127233 -0.23830128
v -0.3306086 0.57349739 -0.32531631
v -0.35355306 -2.40489867 -0.61237216
v -0.49999964 -1.6977921 -0.86602521
v -0.31661938 -0.83175704 -0.54994535
v -0.16389418 -0.83130415 -0.61253297
v -0.1905609 -0.99068536 -0.71131539
v -0.18301242 -2.40489866 -0.68301237
v -0.12940922 -2.56381751 -0.48296279
v -0.25881875 -1.69779208 -0.96592557
v -0.24999978 -1.95661118 -0.93301272
v -0.22414367 -1.19779207 -0.83651614
v -0.06698706 -2.66371775 -0.25
v -0.42321868 0.19185542 -0.25618148
v -0.43381554 0.33965202 -0.23766065
v -0.34584826 0.35021719 -0.32737762
v -0.22414358 -2.19779207 -0.83651614
v -0.24999983 -1.43897309 -0.93301272
v -0.42160266 -0.1123619 -0.26085722
v -0.43300236 0.03425427 -0.23351812
v -0.35355324 0.05842993 -0.31994766
v 1E-07 -1.19779205 -0.86602521
v 1.3E-07 -1.43897307 -0.96592569
v 2.3E-07 -2.66371775 -0.25881904
v -0.43267397 -0.26747093 -0.23666686
v -0.35355321 -0.25109854 -0.32337213
v -0.37330867 -0.54685447 -0.36391628
v -0.45720796 -0.55360691 -0.26294672
v 1.9E-07 -2.19779205 -0.86602521
v 2.1E-07 -2.40489864 -0.70710635
v 1.5E-07 -1.69779205 -0.99999976
v 7E-08 -0.83091736 -0.63353491
v 9E-08 -0.99068534 -0.73640323
v 2.2E-07 -2.5638175 -0.49999988
v 1.7E-07 -1.95661116 -0.96592581
v -0.27472322 1.24955604 0.05264366
v -0.44092287 1.14181324 0.1078099
v -0.41718067 1.18128368 0.23645729
v -0.23100548 1.27790497 0.12595099
v -1E-07 1.16912627 -0.23663312
v -9E-08 1.00671077 -0.33948845
v -0.06785227 1.00651645 -0.33155191
v -0.03842948 1.16961264 -0.23157501
v -0.21251041 0.73622499 -0.37169737
v -0.10716143 0.72905039 -0.40241647
v -0.11619913 0.56203448 -0.41748691
v -0.22820725 0.56664083 -0.3839916
v -0.13993966 1.00638818 -0.30626112
v -0.07976016 1.17019009 -0.21623147
v -0.31861092 1.18150684 0.32750002
v -0.17046719 1.30010007 0.18143347
v -0.43936203 0.80353209 0.47817817
v -0.54256929 0.81495876 0.34210974
v -0.51206224 0.56860466 0.32016924
v -0.39365153 0.55456694 0.42264992
v -0.27542751 1.21597884 -0.02793914
v -0.4431035 1.10671063 -0.01028526
v -0.10924587 1.31524419 0.21900392
v -0.1985985 1.17572711 0.37692395
v -0.09272478 1.18407964 0.4043462
v -0.05284631 1.32387208 0.24071234
v -0.41526381 0.76909145 -0.23490739
v -0.31153098 0.74783764 -0.31699806
v -0.23415507 1.18848536 -0.09784424
v -0.40746949 1.06773158 -0.11512178
v -0.4431035 1.10671063 -0.01028526
v -0.27542751 1.21597884 -0.02793914
v -1E-07 1.18973446 0.41339737
v -1.2E-07 1.32639647 0.24778527
v -0.12520015 1.16992258 -0.18956143
v -0.22119936 1.01021169 -0.26219678
v -0.31853083 1.02180144 -0.1987375
v -0.17754984 1.17355965 -0.15033448
v -7E-08 0.7588979 0.45556861
v -0.12673425 0.76497148 0.47198227
v -0.11499623 0.54096364 0.45542997
v -5E-08 0.53929937 0.45516136
v -1.1E-07 1.30931401 -0.00386178
v -0.29032786 0.78593871 0.51285243
v -0.24993277 0.54569802 0.45680398
v -0.64941574 0.83178205 0.17698938
v -0.60491013 0.5829447 0.18551761
v -0.67490508 0.83444756 0.01454464
v -0.62247109 0.59033984 0.03013158
v -0.67490508 0.83444756 0.01454464
v -0.56130041 0.80547328 -0.1276297
v -0.52917182 0.58825607 -0.11761296
v -0.62247109 0.59033984 0.03013158
v -1.1E-07 1.30931401 -0.00386178
v -6E-08 0.72636795 -0.41162384
v -0.52500195 -0.55467998 0.00270247
v -0.50938882 -0.55551599 -0.13779616
v -0.49310503 -0.27530698 0.00872016
v -0.48064709 -0.2756093 -0.12508619
v -0.11838346 0.06240236 0.53551966
v -0.23114209 0.05654226 0.48009804
v -0.11213027 0.31839775 0.48679218
v -0.222506 0.31842981 0.44200802
v -0.46491268 0.2883838 -0.17954218
v -0.4969939 0.31911428 -0.12171268
v 5E-08 -0.53373402 0.60004932
v 2E-08 -0.23354447 0.5722481
v -0.49433342 0.0088938 0.00926796
v -0.48121883 -0.13029574 -0.12414581
v -0.5227032 0.29950531 0.01070139
v -0.48939224 0.16706605 -0.12245905
v -0.51308284 0.45368518 -0.11966282
v -0.5038075 -0.55202506 0.14863512
v -0.52500195 -0.55467998 0.00270247
v -0.4699289 -0.26978515 0.14892763
v -0.49310503 -0.27530698 0.00872016
v -1E-08 0.06405842 0.5539183
v -3E-08 0.31809497 0.50204182
v -0.36490427 -0.54207352 0.41184402
v -0.33643711 -0.24974421 0.39801568
v -0.46960038 0.01658745 0.14868629
v -0.49433342 0.0088938 0.00926796
v -0.50182822 0.30645843 0.15098333
v -0.5227032 0.29950531 0.01070139
v -0.44860889 -0.54752223 0.28807712
v -0.41600106 -0.26041434 0.28138879
v -0.33144194 0.04598543 0.39255759
v -0.3321473 0.31732711 0.37296534
v -0.26396905 -0.5378389 -0.4366408
v -0.13664038 -0.53018547 -0.47989559
v -0.24999986 -0.23278948 -0.38358819
v -0.12940941 -0.21978069 -0.41803384
v -0.2499978 0.08228729 -0.38053232
v -0.12930045 0.10236012 -0.4146775
v -0.24088217 0.35498081 -0.38861048
v -0.12343999 0.35761665 -0.42303151
v 5E-08 -0.52717793 -0.49415678
v 2E-08 -0.21519506 -0.42892122
v -0.41296447 0.03148862 0.2793366
v -0.43264791 0.31395193 0.27582097
v -0.12112664 0.98977207 0.46301487
v -0.26297733 1.00381515 0.46451521
v -0.40254125 1.02315136 0.426341
v -0.52418932 1.03717513 0.31256384
v -0.59496221 1.01845426 0.15152043
v -0.62127402 0.99698157 -0.00293672
v -0.62127402 0.99698157 -0.00293672
v -0.5284855 0.95537682 -0.13394201
v -0.39120044 0.90907141 -0.22609961
v -0.28243046 0.88461492 -0.29894596
v -0.18661057 0.8742349 -0.34984291
v -0.09270912 0.86873244 -0.37893295
v -8E-08 0.86641884 -0.38817883
v -9E-08 0.98470879 0.46107346
v -0.47525113 0.54863186 -0.17819214
v -1.30186833 0.15737188 -0.92842221
v -1.29950024 0.12999833 -0.93137181
v -1.38268984 0.12697553 -0.96248627
v -0.50121961 0.45464297 -0.13639331
v -0.46703175 0.36551388 -0.17943239
v -0.44106327 0.45950266 -0.22123122
v -0.47161965 -0.12695698 -0.14615941
v -0.44211994 0.18276246 -0.21798646
v -0.4424427 -0.12023834 -0.21306777
v -0.45671375 -0.2275065 -0.18069875
v -0.48179057 0.01501782 -0.12320542
v -0.45794637 0.06558986 -0.17838895
v -0.45734861 -0.01968888 -0.17852843
v -0.4807391 0.17121132 -0.13994461
v -1.02324765 -0.74934354 -1.0253967
v -1.00903814 -0.76206943 -1.0318352
v -1.06746046 -0.83497355 -1.0483098
v -0.99088972 -0.830134 -0.98565364
v -1.00521224 -0.81687692 -0.97928929
v 0.06698752 -2.66371774 0.25
v 0.22414404 -2.19779203 0.83651626
v 0.18301289 -2.40489863 0.68301278
v 0.25000011 -1.43897293 0.93301266
v 0.25881916 -1.69779203 0.96592581
v 0.16412338 -0.82692181 0.63674408
v 0.19056111 -0.9905995 0.71146756
v 0.12940973 -2.56381749 0.48296291
v 0.25000016 -1.95661102 0.93301266
v 0.22414395 -1.19779191 0.83651626
v 0.50000012 -1.69779201 0.86602539
v 0.48296305 -1.956611 0.8365162
v 0.36813572 -0.99058941 0.63796276
v 0.43301274 -1.1977919 0.74999994
v 0.25000021 -2.56381748 0.43301266
v 0.12940974 -2.66371774 0.22414386
v 0.43301283 -2.19779202 0.75
v 0.482963 -1.43897303 0.83651626
v 0.35355354 -2.40489861 0.61237246
v 0.31862186 -0.82598457 0.57150561
v 0.61237253 -2.197792 0.6123724
v 0.50000012 -2.4048986 0.49999994
v 0.68301273 -1.43897289 0.68301266
v 0.70710686 -1.69779199 0.70710671
v 0.45171685 -0.82610567 0.46552077
v 0.52062246 -0.9906853 0.52049035
v 0.35355358 -2.56381747 0.35355335
v 0.68301278 -1.95661098 0.68301266
v 0.61237244 -1.197792 0.6123724
v 0.18301291 -2.66371773 0.18301272
v 0.83651637 -1.95661096 0.48296285
v 0.75000007 -2.19779199 0.43301266
v 0.74999999 -1.19779199 0.4330126
v 0.83651633 -1.43897288 0.48296285
v 0.22414408 -2.66371773 0.12940955
v 0.12183671 -0.23533123 0.55151421
v 0.13369405 -0.53466301 0.57767612
v 0.25801228 -0.53747389 0.51172709
v 0.23640265 -0.24087189 0.49066672
v 0.61237249 -2.40489859 0.35355335
v 0.86602542 -1.69779198 0.49999988
v 0.55176855 -0.82841725 0.32429096
v 0.63762966 -0.99068517 0.36800355
v 0.43301286 -2.56381746 0.24999994
v 0.68301276 -2.40489858 0.18301266
v 0.48296304 -2.56381746 0.12940949
v 0.96592578 -1.69779197 0.25881895
v 0.93301278 -1.95661096 0.24999994
v 0.71118346 -0.99068516 0.19042897
v 0.83651631 -1.19779198 0.2241438
v 0.25000022 -2.66371772 0.06698728
v 0.83651639 -2.19779198 0.22414386
v 0.93301273 -1.43897299 0.24999994
v 0.61238672 -0.83119447 0.16351616
v 0.86602546 -2.19779198 0
v 0.7071068 -2.40489858 0
v 0.96592588 -1.43897298 -6E-08
v 0.99999991 -1.69779197 -6E-08
v 0.6332391 -0.83176655 -0.00155854
v 0.73627129 -0.99068516 -0.00013214
v 0.5000001 -2.56381746 0
v 0.96592592 -1.95661107 0
v 0.86602537 -1.19779198 -6E-08
v 0.25881925 -2.66371772 0
v 0.48296301 -2.56381746 -0.12940949
v 0.5000001 -2.56381746 0
v 0.25881925 -2.66371772 0
v 0.25000022 -2.66371772 -0.06698728
v 0.93301278 -1.95661107 -0.25
v 0.96592592 -1.95661107 0
v 0.86602546 -2.19779198 0
v 0.83651633 -2.19779198 -0.22414386
v 0.83651625 -1.19779198 -0.22414386
v 0.86602537 -1.19779198 -6E-08
v 0.96592588 -1.43897298 -6E-08
v 0.93301273 -1.43897299 -0.25000006
v 0.7071068 -2.40489858 0
v 0.6830127 -2.40489858 -0.18301266
v 0.99999991 -1.69779197 -6E-08
v 0.96592572 -1.69779197 -0.25881904
v 0.61166198 -0.83176655 -0.1654529
v 0.6332391 -0.83176655 -0.00155854
v 0.73627129 -0.99068516 -0.00013214
v 0.7111834 -0.99068516 -0.19069308
v 0.54840113 -0.83176656 -0.31817818
v 0.6376296 -0.99068517 -0.36826771
v 0.61237243 -2.40489859 -0.3535533
v 0.4330128 -2.56381746 -0.24999994
v 0.8660253 -1.69779198 -0.5
v 0.83651637 -1.95661108 -0.48296297
v 0.74999993 -1.19779199 -0.43301272
v 0.22414408 -2.66371773 -0.12940949
v 0.75000001 -2.19779199 -0.43301266
v 0.83651633 -1.438973 -0.48296291
v 0.18301291 -2.66371773 -0.18301266
v 0.61237247 -2.197792 -0.6123724
v 0.50000003 -2.4048986 -0.49999988
v 0.68301273 -1.43897301 -0.68301272
v 0.70710668 -1.69779199 -0.70710659
v 0.44776763 -0.83176669 -0.44932616
v 0.5206224 -0.99068518 -0.52075458
v 0.35355349 -2.56381747 -0.35355335
v 0.68301278 -1.9566111 -0.68301272
v 0.61237238 -1.197792 -0.6123724
v 0.36813566 -0.99068519 -0.63776159
v 0.43301268 -1.19779202 -0.74999988
v 0.25000012 -2.56381748 -0.4330126
v 0.12940974 -2.66371774 -0.22414386
v 0.48296302 -1.95661111 -0.83651626
v 0.43301277 -2.19779202 -0.74999988
v 0.48296297 -1.43897303 -0.83651614
v 0.3306085 0.57349744 -0.32531631
v 0.42455722 0.5812724 -0.23830128
v 0.4152927 0.4615846 -0.25757495
v 0.35355348 -2.40489861 -0.61237216
v 0.49999994 -1.69779201 -0.86602521
v 0.31661953 -0.83175698 -0.54994535
v 0.16389432 -0.83130412 -0.61253297
v 0.19056107 -0.99068533 -0.71131539
v 0.18301284 -2.40489863 -0.68301237
v 0.12940967 -2.56381749 -0.48296279
v 0.25881904 -1.69779203 -0.96592557
v 0.25000013 -1.95661113 -0.93301272
v 0.22414388 -1.19779203 -0.83651614
v 0.06698752 -2.66371774 -0.25
v 0.3458482 0.35021725 -0.32737762
v 0.43381548 0.3396521 -0.23766065
v 0.42323045 0.19190348 -0.25615907
v 0.22414397 -2.19779203 -0.83651614
v 0.25000008 -1.43897305 -0.93301272
v 0.35355323 0.05842999 -0.31994766
v 0.43301323 0.03429858 -0.2334975
v 0.42162527 -0.11226688 -0.26080996
v 0.432684 -0.26742759 -0.23664391
v 0.45720806 -0.55360683 -0.26294672
v 0.37330877 -0.5468544 -0.36391628
v 0.35355326 -0.25109848 -0.32337213
v 0.274723 1.24955609 0.05264366
v 0.23100526 1.27790501 0.12595099
v 0.41718046 1.18128375 0.23645729
v 0.44092267 1.14181332 0.1078099
v 0.03842928 1.16961265 -0.23157501
v 0.0678521 1.00651646 -0.33155191
v 0.21251028 0.73622503 -0.37169737
v 0.22820715 0.56664087 -0.3839916
v 0.1071613 0.72905041 -0.40241647
v 0.07975996 1.1701901 -0.21623147
v 0.13993949 1.0063882 -0.30626112
v 0.17046697 1.3001001 0.18143347
v 0.31861071 1.1815069 0.32750002
v 0.43936189 0.80353216 0.47817817
v 0.39365144 0.55456701 0.42264992
v 0.51206214 0.56860475 0.32016924
v 0.54256915 0.81495886 0.34210974
v 0.27542729 1.21597888 -0.02793914
v 0.44310331 1.10671071 -0.01028526
v 0.10924564 1.31524421 0.21900392
v 0.05284608 1.32387209 0.24071234
v 0.09272457 1.18407966 0.4043462
v 0.1985983 1.17572715 0.37692395
v 0.41526367 0.76909152 -0.23490739
v 0.31153085 0.74783769 -0.31699806
v 0.23415487 1.1884854 -0.09784424
v 0.27542729 1.21597888 -0.02793914
v 0.44310331 1.10671071 -0.01028526
v 0.4074693 1.06773165 -0.11512178
v 0.12519995 1.1699226 -0.18956143
v 0.17754963 1.17355968 -0.15033448
v 0.31853065 1.0218015 -0.1987375
v 0.22119919 1.01021173 -0.26219678
v 0.11499613 0.54096366 0.45542997
v 0.12673412 0.76497151 0.47198227
v 0.29032772 0.78593877 0.51285243
v 0.24993267 0.54569807 0.45680398
v 0.60491002 0.5829448 0.18551761
v 0.6494156 0.83178216 0.17698938
v 0.62247098 0.59033995 0.03013158
v 0.67490493 0.83444768 0.01454464
v 0.67490493 0.83444768 0.01454464
v 0.62247098 0.59033995 0.03013158
v 0.52917171 0.58825617 -0.11761296
v 0.56130027 0.80547338 -0.1276297
v 0.52500205 -0.55467988 0.00270247
v 0.50938891 -0.5555159 -0.13779616
v 0.49310508 -0.2753069 0.00872016
v 0.48065635 -0.27565362 -0.12506509
v 0.48122231 -0.1303622 -0.12413844
v 0.48178828 0.01492922 -0.1232118
v 0.49433342 0.00889389 0.00926796
v 0.48939107 0.16702179 -0.12246224
v 0.49699384 0.31911437 -0.12171268
v 0.52270314 0.2995054 0.01070139
v 0.51308276 0.45368527 -0.11966282
v 0.50380759 -0.55202498 0.14863512
v 0.52500205 -0.55467988 0.00270247
v 0.49310508 -0.2753069 0.00872016
v 0.11838345 0.06240238 0.53551966
v 0.11213022 0.31839777 0.48679218
v 0.36490436 -0.54207346 0.41184402
v 0.33643716 -0.24974415 0.39801568
v 0.49433342 0.00889389 0.00926796
v 0.52270314 0.2995054 0.01070139
v 0.44860898 -0.54752215 0.28807712
v 0.23114208 0.0565423 0.48009804
v 0.33144193 0.04598549 0.39255759
v 0.22250594 0.31842985 0.44200802
v 0.33214724 0.31732717 0.37296534
v 0.26396914 -0.53783885 -0.4366408
v 0.13664048 -0.53018545 -0.47989559
v 0.2499999 -0.23278943 -0.38358819
v 0.12940945 -0.21978067 -0.41803384
v 0.24999779 0.08228733 -0.38053232
v 0.12930044 0.10236014 -0.4146775
v 0.24088211 0.35498085 -0.38861048
v 0.12112647 0.98977209 0.46301487
v 0.26297715 1.0038152 0.46451521
v 0.40254107 1.02315143 0.426341
v 0.52418914 1.03717522 0.31256384
v 0.59496203 1.01845437 0.15152043
v 0.62127385 0.99698168 -0.00293672
v 0.62127385 0.99698168 -0.00293672
v 0.52848533 0.95537691 -0.13394201
v 0.39120028 0.90907148 -0.22609961
v 0.2824303 0.88461497 -0.29894596
v 0.18661041 0.87423493 -0.34984291
v 0.09270897 0.86873246 -0.37893295
v -0.28128154 0.77280912 0.50930566
v -0.20153934 0.71747933 0.48328868
v -0.13331436 0.7533717 0.47173756
v 0.47525103 0.54863195 -0.17819214
v 0.99088986 -0.83013383 -0.98565364
v 0.98604466 -0.81972805 -1.00365841
v 1.06746061 -0.83497336 -1.0483098
v 0.50121953 0.45464305 -0.13639331
v 0.46703169 0.36551396 -0.17943239
v 0.44106319 0.45950274 -0.22123122
v 0.48073907 0.1712114 -0.13994461
v 0.44244273 -0.12023827 -0.21306777
v 0.44211991 0.18276254 -0.21798646
v 0.45671379 -0.22750642 -0.18069875
v 0.47161968 -0.1269569 -0.14615941
v 0.45794635 0.06559006 -0.17838895
v 0.45734862 -0.0196888 -0.17852843
v 0.46491263 0.28838388 -0.17954218
v -1.02054243 -0.78809825 -0.98824108
v -1.0279799 -0.76028058 -1.00731754
v 1.0391944 0.68414006 -1.16857898
v 1.03257173 0.72008392 -1.16375494
v 1.11117917 0.72928248 -1.20986509
v -0.47896742 0.25155886 -0.15133595
v -0.47119946 0.09424694 -0.15141118
v -0.46702717 -0.19888679 -0.15660465
v -0.44658626 -0.19525758 -0.20415723
v -0.44673366 0.10218771 -0.20570451
v -0.44881754 0.2599537 -0.20741057
v -0.44970201 0.52148326 -0.20872051
v -0.49839284 0.5221463 -0.14802706
v -0.48642701 0.38856311 -0.14960802
v -0.45004392 0.39609857 -0.20889348
v -0.46766641 -0.05305926 -0.15531123
v -0.44684484 -0.04718677 -0.20238137
v 0.47896738 0.25155894 -0.15133595
v 0.47119944 0.09424702 -0.15141118
v 0.4670272 -0.19888671 -0.15660465
v 0.4465863 -0.19525751 -0.20415723
v 0.44673361 0.10218779 -0.20570451
v 0.4488175 0.25995378 -0.20741057
v 0.44970192 0.52148334 -0.20872045
v 0.49839274 0.52214639 -0.14802706
v 0.48642695 0.3885632 -0.14960802
v 0.45004382 0.39609865 -0.20889348
v 0.46766642 -0.05305918 -0.15531123
v 0.44684485 -0.04718669 -0.20238137
v -0.7191193 0.57261938 -0.39936548
v -0.44970201 0.52148326 -0.20872051
v -0.44106327 0.45950266 -0.22123122
v -0.7096018 0.50417369 -0.42282629
v -0.75547277 0.60084014 -0.36906439
v -0.47525113 0.54863186 -0.17819214
v -0.74856335 0.68575614 -0.7336483
v -0.73156303 0.61879533 -0.75716567
v -0.79376716 0.71401684 -0.71971703
v -0.79264598 0.56860082 -0.34940982
v -0.83668232 0.68299596 -0.72159386
v -0.84815722 0.60683863 -0.73624015
v -0.80414234 0.49108343 -0.35165185
v -0.74871235 0.54833239 -0.77455401
v -0.72777466 0.43189376 -0.42544067
v -0.75827137 0.39441698 -0.40541375
v -0.78595309 0.511617 -0.77368879
v -0.82548253 0.53418331 -0.75701547
v -0.78794841 0.41740005 -0.37474036
v -0.78595309 0.511617 -0.77368879
v -0.75827137 0.39441698 -0.40541375
v -1.06730562 0.67228499 -1.14340734
v -1.07723564 0.70664659 -1.12785685
v -1.05256516 0.66365161 -1.16021287
v -1.03919452 0.68413988 -1.16857898
v -1.03257186 0.72008374 -1.16375494
v -1.05256516 0.66365161 -1.16021287
v -1.07408363 0.74494388 -1.12282073
v -1.05724234 0.76307872 -1.13139892
v -1.03903098 0.75209203 -1.14841652
v -0.49839284 0.5221463 -0.14802706
v -0.50121961 0.45464297 -0.13639331
v -0.48642701 0.38856311 -0.14960802
v -0.46703175 0.36551388 -0.17943239
v -0.45004392 0.39609857 -0.20889348
v -0.46703175 0.36551388 -0.17943239
v -0.73500022 -0.37837196 -0.41130942
v -0.44658626 -0.19525758 -0.20415723
v -0.45671375 -0.2275065 -0.18069875
v -0.75242301 -0.41188378 -0.3661176
v -0.75011608 -0.29416723 -0.45625168
v -0.4424427 -0.12023834 -0.21306777
v -0.44684484 -0.04718677 -0.20238137
v -0.78873394 -0.20964856 -0.47457641
v -0.82805018 -0.17537887 -0.45550781
v -0.45734861 -0.01968888 -0.17852843
v -0.85327234 0.25597756 -0.3406347
v -0.44881754 0.2599537 -0.20741057
v -0.44211994 0.18276246 -0.21798646
v -0.84979065 0.17956273 -0.35828829
v -0.87194696 0.2831804 -0.30987489
v -0.46491268 0.2883838 -0.17954218
v -0.47896742 0.25155886 -0.15133595
v -0.89263257 0.24530975 -0.28447056
v -0.90096892 0.16462282 -0.27974617
v -0.4807391 0.17121132 -0.13994461
v -0.86129875 0.09877221 -0.3529374
v -0.44673366 0.10218771 -0.20570451
v -0.45794637 0.06558986 -0.17838895
v -0.87881256 0.06100528 -0.32815951
v -0.79199645 -0.37612493 -0.34710759
v -0.46702717 -0.19888679 -0.15660465
v -0.47161965 -0.12695698 -0.14615941
v -0.83035711 -0.29309542 -0.36537373
v -0.75242301 -0.41188378 -0.3661176
v -0.45671375 -0.2275065 -0.18069875
v -0.84521572 -0.21037979 -0.41025746
v -0.46766641 -0.05305926 -0.15531123
v -0.89431549 0.08831207 -0.2980262
v -0.47119946 0.09424694 -0.15141118
v -0.87881256 0.06100528 -0.32815951
v -0.45794637 0.06558986 -0.17838895
v -1.06149674 0.03812483 -0.59318602
v -1.075099 0.11635902 -0.58447778
v -1.02776003 0.0072507 -0.6092782
v -0.99121899 0.04180637 -0.62217247
v -0.97084648 0.12153391 -0.62316024
v -1.02776003 0.0072507 -0.6092782
v -1.05816652 0.1961092 -0.58709931
v -1.01818552 0.23064223 -0.59835982
v -0.98100885 0.19974557 -0.61281824
v -1.31692136 0.10201085 -0.90216565
v -1.32058669 0.12933219 -0.89896142
v -1.31014431 0.09085215 -0.91280568
v -1.30330814 0.10242963 -0.92482877
v -1.31014431 0.09085215 -0.91280568
v -1.31807603 0.15684855 -0.90524983
v -1.30994262 0.16847837 -0.91752768
v -0.84500821 -0.48091431 -0.75690138
v -0.81325115 -0.53610272 -0.74024272
v -0.87957915 -0.46415027 -0.75330257
v -0.89696784 -0.49493285 -0.7315613
v -0.88724352 -0.55453225 -0.70442021
v -0.80316586 -0.59668906 -0.71309185
v -0.82091553 -0.6264847 -0.69136035
v -0.85584742 -0.60873373 -0.68777132
v -0.82091553 -0.6264847 -0.69136035
v -0.98604451 -0.81972822 -1.00365841
v -0.99359493 -0.7913793 -1.02280927
v -0.99088972 -0.830134 -0.98565364
v 0.7191192 0.5726195 -0.39936548
v 0.44970192 0.52148334 -0.20872045
v 0.47525103 0.54863195 -0.17819214
v 0.75547267 0.60084028 -0.36906439
v 0.70960172 0.50417382 -0.42282629
v 0.44106319 0.45950274 -0.22123122
v 0.74856323 0.68575627 -0.7336483
v 0.79376703 0.71401698 -0.71971703
v 0.73156292 0.61879546 -0.75716567
v 0.79264588 0.56860096 -0.34940982
v 0.8366822 0.68299611 -0.72159386
v 0.80414225 0.49108357 -0.35165185
v 0.84815711 0.60683878 -0.73624015
v 0.74871225 0.54833252 -0.77455401
v 0.72777458 0.43189389 -0.42544067
v 0.785953 0.51161713 -0.77368879
v 0.7582713 0.39441711 -0.40541375
v 0.82548244 0.53418346 -0.75701547
v 0.78794833 0.41740019 -0.37474036
v 0.7582713 0.39441711 -0.40541375
v 0.785953 0.51161713 -0.77368879
v 1.06730551 0.67228517 -1.14340734
v 1.05256504 0.6636518 -1.16021287
v 1.07723552 0.70664678 -1.12785685
v 1.05256504 0.6636518 -1.16021287
v 1.0740835 0.74494407 -1.12282073
v 1.05724221 0.7630789 -1.13139892
v 1.03903084 0.75209221 -1.14841652
v 0.49839274 0.52214639 -0.14802706
v 0.50121953 0.45464305 -0.13639331
v 0.48642695 0.3885632 -0.14960802
v 0.46703169 0.36551396 -0.17943239
v 0.45004382 0.39609865 -0.20889348
v 0.46703169 0.36551396 -0.17943239
v 0.73500029 -0.37837183 -0.41130942
v 0.4465863 -0.19525751 -0.20415723
v 0.44244273 -0.12023827 -0.21306777
v 0.75011614 -0.2941671 -0.45625168
v 0.75242308 -0.41188365 -0.3661176
v 0.45671379 -0.22750642 -0.18069875
v 0.44684485 -0.04718669 -0.20238137
v 0.78873398 -0.20964842 -0.47457641
v 0.45734862 -0.0196888 -0.17852843
v 0.82805021 -0.17537873 -0.45550781
v 0.8532723 0.25597771 -0.3406347
v 0.4488175 0.25995378 -0.20741057
v 0.46491263 0.28838388 -0.17954218
v 0.87194691 0.28318055 -0.30987489
v 0.84979062 0.17956288 -0.35828829
v 0.44211991 0.18276254 -0.21798646
v 0.47896738 0.25155894 -0.15133595
v 0.89263252 0.24530991 -0.28447056
v 0.48073907 0.1712114 -0.13994461
v 0.90096889 0.16462298 -0.27974617
v 0.86129873 0.09877236 -0.3529374
v 0.44673361 0.10218779 -0.20570451
v 0.87881255 0.06100543 -0.32815951
v 0.45794635 0.06559006 -0.17838895
v 0.79199651 -0.37612479 -0.34710759
v 0.4670272 -0.19888671 -0.15660465
v 0.45671379 -0.22750642 -0.18069875
v 0.75242308 -0.41188365 -0.3661176
v 0.83035716 -0.29309528 -0.36537373
v 0.47161968 -0.1269569 -0.14615941
v 0.84521576 -0.21037965 -0.41025746
v 0.46766642 -0.05305918 -0.15531123
v 0.89431547 0.08831223 -0.2980262
v 0.47119944 0.09424702 -0.15141118
v 0.45794635 0.06559006 -0.17838895
v 0.87881255 0.06100543 -0.32815951
v 1.06149673 0.03812501 -0.59318602
v 1.02776003 0.00725088 -0.6092782
v 1.07509898 0.11635921 -0.58447778
v 0.99121898 0.04180655 -0.62217247
v 1.02776003 0.00725088 -0.6092782
v 0.97084646 0.12153407 -0.62316024
v 1.05816649 0.19610939 -0.58709931
v 1.01818548 0.23064241 -0.59835982
v 0.98100881 0.19974574 -0.61281824
v 1.31692134 0.10201108 -0.90216565
v 1.3101443 0.09085238 -0.91280568
v 1.32058667 0.12933242 -0.89896142
v 1.30330812 0.10242986 -0.92482877
v 1.3101443 0.09085238 -0.91280568
v 1.29950022 0.12999856 -0.93137181
v 1.318076 0.15684878 -0.90524983
v 1.30994259 0.1684786 -0.91752768
v 1.30186831 0.15737211 -0.92842221
v 0.8450083 -0.48091416 -0.75690138
v 0.87957923 -0.46415011 -0.75330257
v 0.81325124 -0.53610258 -0.74024272
v 0.89696793 -0.49493269 -0.7315613
v 0.88724362 -0.55453209 -0.70442021
v 0.80316596 -0.59668892 -0.71309197
v 0.82091563 -0.62648456 -0.69136035
v 0.85584753 -0.60873358 -0.68777132
v 0.82091563 -0.62648456 -0.69136035
v 1.00521238 -0.81687674 -0.97928929
v 0.99088986 -0.83013383 -0.98565364
v 1.02054257 -0.78809807 -0.98824108
v 0.99359507 -0.79137913 -1.02280927
v 1.02798004 -0.7602804 -1.00731754
v 1.02324778 -0.74934337 -1.0253967
v 1.00903828 -0.76206926 -1.0318352
v -1.1111793 0.72928228 -1.20986509
v 1.38268982 0.12697578 -0.96248627
v -0.1203778 0.54970907 0.45698518
v -0.18845841 0.60039101 0.46498674
v -0.24112964 0.56741069 0.45969296
v 0.27260741 0.76021984 0.50590479
v 0.23669321 0.66259958 0.48004836
v 0.13020578 0.56568028 0.45982534
v 0.24993267 0.54569807 0.45680398
v 0.1884583 0.60039105 0.46498674
v -0.15330444 0.65527092 0.46822706
v -0.23669332 0.66259954 0.48004836
v 0.15330433 0.65527095 0.46822706
v 0.12818376 0.76241602 0.47192836
v 0.20153922 0.71747937 0.48328868
v -0.21846863 0.619588 0.46915299
v -0.23669332 0.66259954 0.48004836
v -0.16227947 0.6154884 0.46618098
v -0.18845841 0.60039101 0.46498674
v -0.16875342 0.69719981 0.47373551
v -0.15330444 0.65527092 0.46822706
v -0.23049392 0.70346425 0.48748127
v -0.20153934 0.71747933 0.48328868
v 0.21846852 0.61958804 0.46915302
v 0.1884583 0.60039105 0.46498674
v 0.16227937 0.61548842 0.46618098
v 0.15330433 0.65527095 0.46822706
v 0.16875329 0.69719984 0.47373551
v 0.20153922 0.71747937 0.48328868
v 0.2304938 0.70346429 0.48748127
v 0.23669321 0.66259958 0.48004836
v -0.86144449 1.51017396 1.47285497
v -0.83796604 1.52615516 1.47007895
v -0.88686671 1.62524549 1.43723166
v -0.81026597 1.54262869 1.44196463
v -0.86742677 1.52197926 1.39631999
v -0.87168528 1.50715606 1.44416702
v -0.81624831 1.55443375 1.36542964
v -0.84642609 1.54285042 1.36184216
v -0.79930796 1.55305402 1.40048134
v -0.81624831 1.55443375 1.36542964
v 0.8102657 1.54262884 1.44196463
v 0.83796577 1.52615531 1.47007895
v 0.88686643 1.62524565 1.43723166
v 0.86144422 1.51017411 1.47285497
v 0.87168502 1.50715621 1.44416702
v 0.8674265 1.52197941 1.39631999
v 0.84642582 1.54285057 1.36184216
v 0.81624804 1.55443389 1.36542964
v 0.81624804 1.55443389 1.36542964
v 0.79930769 1.55305416 1.40048134
v -0.24873592 0.81191561 0.80709809
v -0.16875342 0.69719981 0.47373551
v -0.20153934 0.71747933 0.48328868
v -0.29374833 0.8287308 0.77846122
v -0.22667461 0.76352904 0.84163535
v -0.15330444 0.65527092 0.46822706
v -0.16227947 0.6154884 0.46618098
v -0.23505765 0.70969842 0.86005729
v -0.26354378 0.67974124 0.84978855
v -0.18845841 0.60039101 0.46498674
v -0.32991416 0.80190775 0.77071559
v -0.23049392 0.70346425 0.48748127
v -0.23669332 0.66259954 0.48004836
v -0.33061749 0.74494311 0.78661442
v -0.29374833 0.8287308 0.77846122
v -0.20153934 0.71747933 0.48328868
v 0.32991402 0.80190781 0.77071559
v 0.2304938 0.70346429 0.48748127
v 0.20153922 0.71747937 0.48328868
v 0.29374819 0.82873085 0.77846122
v 0.33061736 0.74494317 0.78661442
v 0.23669321 0.66259958 0.48004836
v 0.21846852 0.61958804 0.46915302
v 0.30087653 0.69342222 0.81862849
v 0.26354367 0.67974129 0.84978855
v 0.1884583 0.60039105 0.46498674
v 0.16227937 0.61548842 0.46618098
v 0.23505753 0.70969846 0.86005729
v 0.22667448 0.76352908 0.84163535
v 0.15330433 0.65527095 0.46822706
v -0.30087665 0.69342217 0.81862849
v -0.21846863 0.619588 0.46915299
v 0.16875329 0.69719984 0.47373551
v 0.24873577 0.81191566 0.80709809
v 0.29374819 0.82873085 0.77846122
v 0.20153922 0.71747937 0.48328868
v -0.25340435 0.71802101 0.84618676
v -0.25007517 0.75892208 0.82940006
v -0.26663143 0.69646595 0.8419615
v -0.28666842 0.70860562 0.82161784
v -0.30643851 0.74905035 0.79949081
v -0.3100136 0.79126999 0.78680545
v -0.29095237 0.80769393 0.78925598
v -0.26325435 0.79693172 0.80385321
v -0.29095237 0.80769393 0.78925598
v 0.2866683 0.70860567 0.82161784
v 0.30643838 0.74905041 0.79949081
v 0.2666313 0.69646599 0.8419615
v 0.25340423 0.71802106 0.84618676
v 0.25007504 0.75892212 0.82940006
v 0.26325422 0.79693177 0.80385315
v 0.29095222 0.80769398 0.78925598
v 0.31622898 0.77928021 0.78779685
v 0.29095222 0.80769398 0.78925598
v -0.45218882 0.99462624 1.05829215
v -0.49401286 1.01061674 1.01931059
v -0.44570538 0.96115275 1.1045258
v -0.47197046 0.92463513 1.13102877
v -0.50920625 0.90129562 1.12237656
v -0.54028854 0.99458857 1.01051509
v -0.5575138 0.9507596 1.03716147
v -0.49401286 1.01061674 1.01931059
v 0.54028836 0.99458866 1.01051497
v 0.49401268 1.01061682 1.01931059
v 0.55751363 0.9507597 1.03716147
v 0.54199223 0.90997534 1.08353698
v 0.5092061 0.90129571 1.12237656
v 0.4719703 0.92463497 1.13102877
v 0.44570521 0.96115283 1.1045258
v -0.54199239 0.90997524 1.08353698
v 0.45218858 0.99462632 1.05829215
v 0.49401268 1.01061682 1.01931059
v -0.48728239 0.93567844 1.10063422
v -0.47332104 0.95564337 1.08511269
v -0.50470783 0.92275234 1.09741724
v -0.51948001 0.92739172 1.07795274
v -0.52703586 0.94983239 1.05424976
v -0.51885876 0.97397537 1.03958654
v -0.49564907 0.98272343 1.04194522
v -0.47509259 0.97390624 1.06055164
v -0.49564907 0.98272343 1.04194522
v 0.51947985 0.92739181 1.07795274
v 0.52703569 0.94983249 1.05424976
v 0.50470767 0.92275242 1.09741724
v 0.48728222 0.93567852 1.10063422
v 0.47332088 0.95564346 1.08511269
v 0.47509242 0.97390632 1.06055164
v 0.49564889 0.98272352 1.04194522
v 0.51885859 0.97397547 1.03958654
v 0.49564889 0.98272352 1.04194522
v 0.63312431 1.15459042 1.34653449
v 0.66891279 1.13205486 1.34580779
v 0.60501362 1.19024163 1.3178432
v 0.6071517 1.2224434 1.27242422
v 0.64439399 1.23664957 1.23276508
v 0.68881668 1.22022086 1.22621584
v 0.7082931 1.17846281 1.26072955
v 0.64439399 1.23664957 1.23276508
v -0.60715191 1.22244329 1.27242422
v -0.64439421 1.23664946 1.23276508
v -0.60501383 1.19024152 1.3178432
v -0.63312451 1.15459031 1.34653449
v -0.66891299 1.13205475 1.34580779
v -0.68881642 1.22022027 1.22621655
v -0.7082933 1.17846268 1.26072955
v -0.64439421 1.23664946 1.23276508
v 0.69751873 1.14015514 1.31197166
v -0.69751893 1.14015502 1.31197178
v -0.64675317 1.16554874 1.32343626
v -0.63082276 1.18690676 1.3040576
v -0.66392837 1.15187758 1.32461858
v -0.67661784 1.15708655 1.30543768
v -0.68171917 1.18130893 1.27565455
v -0.68158703 1.20014232 1.25701463
v -0.64861356 1.21633786 1.25509357
v -0.62979888 1.20662541 1.27636003
v -0.64861356 1.21633786 1.25509357
v 0.67661764 1.15708667 1.30543768
v 0.68171896 1.18130904 1.27565455
v 0.66392817 1.1518777 1.32461858
v 0.64675297 1.16554886 1.32343626
v 0.63082255 1.18690687 1.3040576
v 0.62979866 1.20662552 1.27636003
v 0.64861335 1.21633798 1.25509357
v 0.68158682 1.20014244 1.25701463
v 0.64861335 1.21633798 1.25509357
v -0.66461158 0.74049562 0.04455104
v -0.54007352 0.69416423 -0.00206685
v -0.5216329 0.62161775 0.10434061
v -0.64465147 0.66197199 0.15972555
v -0.79616501 0.91613596 0.21231115
v -0.75453897 0.8184418 0.11983055
v -0.736098 0.74589532 0.22623807
v -0.78205122 0.86061137 0.29375184
v -0.77551421 0.98865526 0.351989
v -0.7174829 1.11053365 0.39208317
v -0.78315243 1.01870506 0.30791372
v -0.74100353 0.92019647 0.03990328
v -0.64996089 0.85063404 -0.04196173
v -0.7775462 1.06085317 0.27480659
v -0.78580543 0.99401539 0.15113747
v -0.52653826 0.79591866 -0.08199418
v -0.7595484 1.1086828 0.25770816
v -0.75254974 1.08239334 0.11954373
v -0.60293033 0.97561926 -0.08664203
v -0.4830875 0.91139002 -0.12327349
v -0.69755283 1.0356676 -0.00137603
v -0.53067938 1.09642382 -0.08268785
v -0.41633633 1.02299877 -0.11962014
v -0.70146058 1.16781491 0.12233993
v -0.63080166 1.14727635 0.0022774
v -0.731899 1.15491265 0.25922146
v -0.69880794 1.19250458 0.27911597
v -0.55091237 1.2380311 0.05030704
v -0.44420771 1.19465586 -0.03070068
v -0.64031606 1.23727554 0.15910017
v -0.33644698 1.11375353 -0.07159042
v -0.47004732 1.29411526 0.13540101
v -0.35668003 1.25536081 0.06140441
v -0.66531234 1.21573538 0.31436321
v -0.57842457 1.28020067 0.22422841
v -0.25558193 1.16983745 0.01350358
v -0.2814215 1.26929686 0.17960542
v -0.1860521 1.18271278 0.12270719
v -0.52520859 1.29005475 0.3078092
v -0.40051752 1.30699035 0.24460471
v -0.63651221 1.22106833 0.3595967
v -0.22988959 1.23434232 0.30590746
v -0.13844289 1.15041898 0.23939487
v -0.48877012 1.26533814 0.39711815
v -0.35290813 1.27469656 0.36129245
v -0.61679171 1.20769185 0.40793043
v -0.33446746 1.20215008 0.46769977
v -0.20992951 1.15581868 0.42108193
v -0.60915349 1.17764205 0.4520058
v -0.47465621 1.20981355 0.47855878
v -0.12000224 1.0778725 0.34580228
v -0.34800295 1.10039565 0.54762721
v -0.22458014 1.04568026 0.50759476
v -0.61475984 1.13549394 0.48511288
v -0.48501576 1.13193389 0.53973246
v -0.13353756 0.97611784 0.42572966
v -0.27161094 0.92069504 0.55227494
v -0.17698829 0.86064647 0.46700889
v -0.51827154 1.04355593 0.57132638
v -0.39145365 0.98492428 0.58890629
v -0.63275788 1.08766431 0.50221115
v -0.5693607 0.95813436 0.56853008
v -0.45820476 0.87331553 0.58525312
v -0.6604071 1.04143447 0.50069785
v -0.34386189 0.79989049 0.54832041
v -0.24373943 0.74903784 0.46335551
v -0.53809423 0.78256078 0.53722334
v -0.43033347 0.70165833 0.49633366
v -0.6934984 1.00384253 0.48080328
v -0.63050534 0.88867373 0.53176969
v -0.32362878 0.65828309 0.4153257
v -0.72699371 0.98061174 0.44555622
v -0.6923966 0.84574908 0.46664166
v -0.51786106 0.64095338 0.40422845
v -0.40449377 0.60219904 0.33023173
v -0.61895919 0.72647673 0.45212919
v -0.59311968 0.62701745 0.28602734
v -0.47402357 0.58932396 0.22102818
v -0.74561252 0.83589476 0.38306081
v -0.68848896 0.71360177 0.34292576
v -0.75579407 0.97527855 0.40032274
v 0.66461145 0.74049574 0.04455104
v 0.64465136 0.6619721 0.15972555
v 0.5216328 0.62161784 0.10434061
v 0.54007339 0.69416432 -0.00206685
v 0.79616485 0.9161361 0.21231115
v 0.78205107 0.86061151 0.29375184
v 0.73609787 0.74589545 0.22623807
v 0.75453882 0.81844193 0.11983055
v 0.77551404 0.9886554 0.351989
v 0.78315225 1.0187052 0.30791372
v 0.71748271 1.11053378 0.39208317
v 0.74100337 0.9201966 0.03990328
v 0.64996074 0.85063415 -0.04196173
v 0.77754602 1.06085331 0.27480659
v 0.78580526 0.99401552 0.15113747
v 0.52653812 0.79591875 -0.08199418
v 0.75954821 1.10868294 0.25770816
v 0.75254955 1.08239347 0.11954373
v 0.60293016 0.97561937 -0.08664203
v 0.48308734 0.91139011 -0.12327349
v 0.69755265 1.03566772 -0.00137603
v 0.53067919 1.09642391 -0.08268785
v 0.41633615 1.02299885 -0.11962014
v 0.70146038 1.16781503 0.12233993
v 0.63080146 1.14727646 0.0022774
v 0.7318988 1.15491277 0.25922146
v 0.69880773 1.19250471 0.27911597
v 0.55091215 1.2380312 0.05030704
v 0.4442075 1.19465593 -0.03070068
v 0.64031584 1.23727566 0.15910017
v 0.33644678 1.11375359 -0.07159042
v 0.47004709 1.29411535 0.13540101
v 0.35667981 1.25536087 0.06140441
v 0.66531212 1.21573549 0.31436321
v 0.57842434 1.28020077 0.22422841
v 0.25558172 1.1698375 0.01350358
v 0.28142128 1.26929691 0.17960542
v 0.18605189 1.18271281 0.12270719
v 0.52520836 1.29005484 0.3078092
v 0.40051729 1.30699042 0.24460471
v 0.63651199 1.22106844 0.3595967
v 0.22988937 1.23434236 0.30590746
v 0.13844268 1.15041901 0.23939487
v 0.4887699 1.26533823 0.39711815
v 0.3529079 1.27469662 0.36129245
v 0.6167915 1.20769196 0.40793043
v 0.33446725 1.20215014 0.46769977
v 0.20992931 1.15581872 0.42108193
v 0.60915329 1.17764216 0.4520058
v 0.474656 1.20981364 0.47855878
v 0.12000206 1.07787253 0.34580228
v 0.34800275 1.10039571 0.54762721
v 0.22457996 1.0456803 0.50759476
v 0.61475964 1.13549405 0.48511288
v 0.48501556 1.13193397 0.53973246
v 0.13353739 0.97611786 0.42572966
v 0.27161078 0.92069509 0.55227494
v 0.17698814 0.8606465 0.46700889
v 0.51827135 1.04355602 0.57132638
v 0.39145348 0.98492435 0.58890629
v 0.63275769 1.08766442 0.50221115
v 0.56936053 0.95813446 0.56853008
v 0.45820461 0.87331561 0.58525312
v 0.66040692 1.04143458 0.50069785
v 0.34386175 0.79989055 0.54832041
v 0.2437393 0.74903788 0.46335551
v 0.53809409 0.78256087 0.53722334
v 0.43033334 0.70165841 0.49633366
v 0.69349823 1.00384265 0.48080328
v 0.63050519 0.88867384 0.53176969
v 0.32362867 0.65828314 0.4153257
v 0.72699353 0.98061186 0.44555622
v 0.69239645 0.8457492 0.46664166
v 0.51786095 0.64095347 0.40422845
v 0.40449367 0.60219911 0.33023173
v 0.61895907 0.72647684 0.45212919
v 0.59311957 0.62701755 0.28602734
v 0.47402347 0.58932404 0.22102818
v 0.74561237 0.83589489 0.38306081
v 0.68848884 0.71360189 0.34292576
v 0.7557939 0.97527868 0.40032274
v -1E-08 0.10986614 -0.42544585
vn -0 1 0
vn 0 0.96317 0.2689
vn 0.0696 0.96317 0.25974
vn 0.22483 0.49536 0.83909
vn 0.1844 0.70172 0.68818
vn -0 0.70172 0.71245
vn -0 0.49536 0.86869
vn 0.25018 -0.25615 0.9337
vn 0.25882 0 0.96593
vn 0 0 1
vn 0 -0.25615 0.96664
vn 0.26058 -0.33549 0.90529
vn 0.22786 -0.48487 0.84438
vn -0 -0.48206 0.87614
vn 0 -0.32225 0.94665
vn 0.1315 0.86132 0.49075
vn 0 0.86132 0.50806
vn 0.25018 0.25615 0.9337
vn -0 0.25615 0.96664
vn 0.23022 -0.45528 0.86007
vn -0 -0.45542 0.89028
vn 0.5 0 0.86603
vn 0.48332 0.25615 0.83713
vn 0.43894 -0.49236 0.7516
vn 0.44534 -0.45528 0.77097
vn 0.25403 0.86132 0.43999
vn 0.13445 0.96317 0.23288
vn 0.43434 0.49536 0.75231
vn 0.48332 -0.25615 0.83713
vn 0.35623 0.70172 0.617
vn 0.48913 -0.36788 0.79083
vn 0.61425 0.49536 0.61425
vn 0.50378 0.70172 0.50378
vn 0.68352 -0.25615 0.68352
vn 0.70711 0 0.70711
vn 0.66992 -0.4054 0.62198
vn 0.61611 -0.50507 0.60441
vn 0.35925 0.86132 0.35925
vn 0.68352 0.25615 0.68352
vn 0.6296 -0.45556 0.62934
vn 0.19014 0.96317 0.19015
vn -0.7886 0.19442 0.58337
vn -0.85386 0.01447 0.52029
vn -0.95451 0.0445 0.29483
vn -0.92269 0.22741 0.31132
vn -0.8785 -0.06158 0.47376
vn -0.96088 -0.05873 0.27066
vn -0.18486 -0.06507 -0.98061
vn -0.18363 -0.00317 -0.98299
vn 0 0.00122 -1
vn 0 -0.06255 -0.99804
vn 0.83713 0.25615 0.48332
vn 0.75231 0.49536 0.43434
vn 0.77087 -0.4557 0.44508
vn 0.83713 -0.25615 0.48332
vn 0.23288 0.96317 0.13445
vn 0.31675 -0.07376 0.94564
vn 0.57367 -0.0691 0.81617
vn 0.55309 -0.18903 0.81139
vn 0.30243 -0.16159 0.93937
vn 0.617 0.70172 0.35623
vn 0.86603 0 0.5
vn 0.79399 -0.43644 0.4232
vn 0.74361 -0.52097 0.41908
vn 0.43999 0.86132 0.25403
vn 0.68818 0.70172 0.1844
vn 0.49075 0.86132 0.1315
vn 0.96593 0 0.25882
vn 0.9337 0.25615 0.25018
vn 0.81869 -0.53254 0.21484
vn 0.85982 -0.45565 0.23041
vn 0.25974 0.96317 0.0696
vn 0.83909 0.49536 0.22483
vn 0.9337 -0.25615 0.25018
vn 0.86417 -0.45407 0.21689
vn 0.86869 0.49536 -0
vn 0.71245 0.70172 -0
vn 0.96664 -0.25615 -0
vn 1 -0 -0
vn 0.88856 -0.45876 0.00015
vn 0.84385 -0.53658 -0.00044
vn 0.50806 0.86132 -0
vn 0.96664 0.25615 -0
vn 0.89019 -0.4556 2E-05
vn 0.26891 0.96317 0
vn 0.49075 0.86132 -0.1315
vn 0.25974 0.96317 -0.0696
vn 0.9337 0.25615 -0.25018
vn 0.83909 0.49536 -0.22483
vn 0.85988 -0.45555 -0.23039
vn 0.9337 -0.25615 -0.25018
vn 0.68818 0.70172 -0.1844
vn 0.96593 -0 -0.25882
vn 0.85958 -0.45709 -0.22846
vn 0.81521 -0.53647 -0.21822
vn 0.76944 -0.4566 -0.44664
vn 0.73131 -0.53581 -0.42201
vn 0.617 0.70172 -0.35623
vn 0.43999 0.86132 -0.25403
vn 0.86603 -0 -0.5
vn 0.83713 0.25615 -0.48332
vn 0.77097 -0.4555 -0.4451
vn 0.23288 0.96317 -0.13445
vn 0.75231 0.49536 -0.43434
vn 0.83713 -0.25615 -0.48332
vn 0.19014 0.96317 -0.19015
vn 0.61425 0.49536 -0.61425
vn 0.50378 0.70172 -0.50378
vn 0.68352 -0.25615 -0.68352
vn 0.70711 -0 -0.70711
vn 0.6226 -0.46112 -0.63225
vn 0.5974 -0.53524 -0.59719
vn 0.35925 0.86132 -0.35925
vn 0.68352 0.25615 -0.68352
vn 0.62951 -0.45546 -0.6295
vn 0.42237 -0.53497 -0.73172
vn 0.44514 -0.45543 -0.77099
vn 0.25403 0.86132 -0.43999
vn 0.13445 0.96317 -0.23288
vn 0.48332 0.25615 -0.83713
vn 0.43434 0.49536 -0.75231
vn 0.48332 -0.25615 -0.83713
vn 0.74425 -0.03589 -0.66694
vn 0.69883 -0.02216 -0.71494
vn 0.57678 -0.07053 -0.81385
vn 0.35623 0.70172 -0.617
vn 0.5 -0 -0.86603
vn 0.43302 -0.4698 -0.76927
vn 0.22018 -0.47792 -0.85036
vn 0.21833 -0.53517 -0.81604
vn 0.1844 0.70172 -0.68818
vn 0.1315 0.86132 -0.49075
vn 0.25882 -0 -0.96593
vn 0.25018 0.25615 -0.9337
vn 0.23043 -0.45541 -0.85995
vn 0.0696 0.96317 -0.25974
vn 0.7982 0.00647 -0.60236
vn 0.80694 -0.00439 -0.59061
vn 0.60404 -0.01916 -0.79672
vn 0.22483 0.49536 -0.83909
vn 0.25018 -0.25615 -0.9337
vn 0.80973 -0.00492 -0.58678
vn 0.84588 -0.00247 -0.53336
vn 0.61599 -0.00073 -0.78775
vn 0 -0.4554 -0.89029
vn 0 -0.25615 -0.96664
vn 0 0.96317 -0.26891
vn 0.85034 -0.05338 -0.52352
vn 0.63684 -0.06805 -0.76798
vn 0.65477 -0.26421 -0.70815
vn 0.83126 -0.24789 -0.49755
vn -0 0.49536 -0.86869
vn 0 0.70172 -0.71245
vn 0 -0 -1
vn -0 -0.48112 -0.87666
vn -0 -0.5354 -0.8446
vn 0 0.86132 -0.50806
vn 0 0.25615 -0.96664
vn 0.43204 -0.87115 -0.23332
vn 0.60295 -0.79238 -0.09265
vn 0.55644 -0.79829 0.23045
vn 0.35622 -0.93397 -0.02839
vn 0 -0.70482 -0.70939
vn 0 -0.43448 -0.90068
vn 0.18947 -0.44505 -0.87523
vn 0.15786 -0.70734 -0.68902
vn 0.3732 -0.15188 -0.91524
vn 0.18204 -0.13911 -0.9734
vn 0.18486 -0.06507 -0.98061
vn 0.38839 -0.07048 -0.9188
vn 0.33938 -0.47182 -0.81376
vn 0.28634 -0.71203 -0.64111
vn 0.35405 -0.74764 0.56186
vn 0.27104 -0.95078 0.15022
vn 0.51227 -0.00231 0.85882
vn 0.80079 -0.01842 0.59866
vn 0.76069 0.25767 0.59579
vn 0.51116 0.2582 0.81979
vn 0.41785 -0.81351 -0.40448
vn 0.54376 -0.76562 -0.34372
vn 0.22118 -0.94336 0.24729
vn 0.21046 -0.64739 0.73252
vn 0.12731 -0.56674 0.814
vn 0.14253 -0.94184 0.30435
vn 0.6104 -0.0788 -0.78817
vn 0.53553 -0.14326 -0.83227
vn 0.34902 -0.75225 -0.55884
vn 0.45074 -0.63961 -0.62268
vn 0 -0.54118 0.8409
vn -0 -0.94416 0.32948
vn 0.34876 -0.71918 -0.60096
vn 0.41308 -0.50471 -0.75804
vn 0.41039 -0.53381 -0.73934
vn 0.33947 -0.7262 -0.59783
vn 0 0.01551 0.99988
vn -0.12553 0.00901 0.99205
vn 0.03229 -0.01047 0.99942
vn 0 -0.06975 0.99756
vn -0 -0.94697 -0.32132
vn 0.04909 0.01624 0.99866
vn 0.1881 0.15598 0.96969
vn 0.94441 -0.05205 0.32461
vn 0.90717 0.25519 0.33454
vn 0.97139 -0.04389 -0.23339
vn 0.95201 0.23842 -0.19193
vn 0.72048 -0.00926 -0.69341
vn 0.77917 0.09507 -0.61956
vn 0 -0.13234 -0.9912
vn 0.96993 -0.24302 0.01338
vn 0.93926 -0.24177 -0.24359
vn 0.99791 -0.05614 0.03191
vn 0.96759 -0.05733 -0.24593
vn 0.29468 -0.11641 0.94848
vn 0.53632 -0.08474 0.83975
vn 0.20034 -0.14135 0.96948
vn 0.39639 -0.02363 0.91778
vn 0.87716 0.01843 -0.47985
vn 0.93417 0.06418 -0.35101
vn -0 -0.1503 0.98864
vn 0 -0.07572 0.99713
vn 0.99857 0.0441 0.03017
vn 0.96828 0.00241 -0.24984
vn 0.98217 0.18036 -0.0531
vn 0.95062 0.05852 -0.30478
vn 0.86141 0.14024 -0.48817
vn 0.93872 -0.24308 0.24436
vn 0.96088 -0.05873 0.27066
vn -0 -0.12698 0.9919
vn -0 -0.18441 0.98285
vn 0.73572 -0.21798 0.64125
vn 0.75397 -0.0647 0.65371
vn 0.95451 0.0445 0.29483
vn 0.92269 0.22741 0.31132
vn 0.86098 -0.23625 0.45044
vn 0.8785 -0.06158 0.47376
vn 0.71518 -0.0361 0.69801
vn 0.60864 0.10972 0.78582
vn 0.43852 -0.28596 -0.85202
vn 0.21511 -0.30372 -0.92816
vn 0.41176 -0.09147 -0.90669
vn 0.19295 -0.10105 -0.97599
vn 0.39423 0.00273 -0.91901
vn 0.18106 0.00891 -0.98343
vn 0.39337 -0.01304 -0.91929
vn 0.18363 -0.00317 -0.98299
vn -0 -0.31041 -0.9506
vn -0 -0.10473 -0.9945
vn 0.85386 0.01447 0.52029
vn 0.7886 0.19442 0.58337
vn -0.0278 -0.19561 0.98029
vn 0.09534 -0.33384 0.9378
vn 0.44333 -0.42669 0.78829
vn 0.73873 -0.47756 0.47563
vn 0.82675 -0.53868 0.1622
vn 0.80122 -0.52262 -0.2914
vn 0.59247 -0.38897 -0.70547
vn 0.49241 -0.31373 -0.81186
vn 0.46594 -0.31796 -0.82571
vn 0.35399 -0.30118 -0.88543
vn 0.18536 -0.26716 -0.94566
vn -0 -0.25035 -0.96816
vn 0 -0.13117 0.99136
vn 0.76066 0.02981 -0.64846
vn -0.40185 -0.48484 -0.77681
vn -0.52841 0.03693 -0.84818
vn 0.8375 0.03486 -0.54533
vn 0.81036 0.08619 -0.57955
vn 0.86966 0.03581 -0.49236
vn 0.81615 -0.02727 -0.5772
vn 0.91659 0.00097 -0.39983
vn 0.89541 0.00903 -0.44515
vn 0.91682 -0.00317 -0.3993
vn 0.91872 -0.0008 -0.39492
vn 0.96596 0.01943 -0.25796
vn 0.9125 0.01917 -0.40863
vn 0.9146 -0.00087 -0.40437
vn 0.89156 0.04247 -0.45092
vn 0.47973 -0.64051 -0.59967
vn -0.33574 -0.28964 -0.89632
vn 0.69665 0.52116 -0.49303
vn -0.25998 0.94016 0.22027
vn 0.55333 0.51984 0.65084
vn -0.0696 0.96317 0.25974
vn -0.22483 0.49536 0.83909
vn -0.1844 0.70172 0.68818
vn -0.25018 -0.25615 0.9337
vn -0.25882 0 0.96593
vn -0.26058 -0.33549 0.90529
vn -0.22786 -0.48487 0.84438
vn -0.1315 0.86132 0.49075
vn -0.25018 0.25615 0.9337
vn -0.23022 -0.45528 0.86007
vn -0.5 0 0.86603
vn -0.48332 0.25615 0.83713
vn -0.43894 -0.49236 0.7516
vn -0.44534 -0.45528 0.77097
vn -0.25403 0.86132 0.43999
vn -0.13445 0.96317 0.23288
vn -0.43434 0.49536 0.75231
vn -0.48332 -0.25615 0.83713
vn -0.35623 0.70172 0.617
vn -0.48913 -0.36788 0.79083
vn -0.61425 0.49536 0.61425
vn -0.50378 0.70172 0.50378
vn -0.68352 -0.25615 0.68352
vn -0.70711 0 0.70711
vn -0.66992 -0.4054 0.62198
vn -0.61611 -0.50507 0.60441
vn -0.35925 0.86132 0.35925
vn -0.68352 0.25615 0.68352
vn -0.6296 -0.45556 0.62934
vn -0.19014 0.96317 0.19015
vn -0.83713 0.25615 0.48332
vn -0.75231 0.49536 0.43434
vn -0.77087 -0.4557 0.44508
vn -0.83713 -0.25615 0.48332
vn -0.23288 0.96317 0.13445
vn -0.31675 -0.07376 0.94564
vn -0.30243 -0.16159 0.93937
vn -0.55309 -0.18903 0.81139
vn -0.57367 -0.0691 0.81617
vn -0.617 0.70172 0.35623
vn -0.86603 0 0.5
vn -0.79399 -0.43644 0.4232
vn -0.74361 -0.52097 0.41908
vn -0.43999 0.86132 0.25403
vn -0.68818 0.70172 0.1844
vn -0.49075 0.86132 0.1315
vn -0.96593 0 0.25882
vn -0.9337 0.25615 0.25018
vn -0.81869 -0.53254 0.21484
vn -0.85982 -0.45565 0.23041
vn -0.25974 0.96317 0.0696
vn -0.83909 0.49536 0.22483
vn -0.9337 -0.25615 0.25018
vn -0.86417 -0.45407 0.21689
vn -0.86869 0.49536 -0
vn -0.71245 0.70172 -0
vn -0.96664 -0.25615 -0
vn -1 -0 -0
vn -0.88856 -0.45876 0.00015
vn -0.84385 -0.53658 -0.00044
vn -0.50806 0.86132 0
vn -0.96664 0.25615 -0
vn -0.89019 -0.4556 2E-05
vn -0.26891 0.96317 0
vn -0.49075 0.86132 -0.1315
vn -0.25974 0.96317 -0.0696
vn -0.9337 0.25615 -0.25018
vn -0.83909 0.49536 -0.22483
vn -0.85988 -0.45555 -0.23039
vn -0.9337 -0.25615 -0.25018
vn -0.68818 0.70172 -0.1844
vn -0.96593 0 -0.25882
vn -0.85958 -0.45709 -0.22846
vn -0.81521 -0.53647 -0.21822
vn -0.76944 -0.4566 -0.44664
vn -0.73131 -0.53581 -0.42201
vn -0.617 0.70172 -0.35623
vn -0.43999 0.86132 -0.25403
vn -0.86603 -0 -0.5
vn -0.83713 0.25615 -0.48332
vn -0.77097 -0.4555 -0.4451
vn -0.23288 0.96317 -0.13445
vn -0.75231 0.49536 -0.43434
vn -0.83713 -0.25615 -0.48332
vn -0.19014 0.96317 -0.19015
vn -0.61425 0.49536 -0.61425
vn -0.50378 0.70172 -0.50378
vn -0.68352 -0.25615 -0.68352
vn -0.70711 -0 -0.70711
vn -0.6226 -0.46112 -0.63225
vn -0.5974 -0.53524 -0.59719
vn -0.35925 0.86132 -0.35925
vn -0.68352 0.25615 -0.68352
vn -0.62951 -0.45546 -0.6295
vn -0.42237 -0.53497 -0.73172
vn -0.44514 -0.45543 -0.77099
vn -0.25403 0.86132 -0.43999
vn -0.13445 0.96317 -0.23288
vn -0.48332 0.25615 -0.83713
vn -0.43434 0.49536 -0.75231
vn -0.48332 -0.25615 -0.83713
vn -0.57678 -0.07053 -0.81385
vn -0.69883 -0.02216 -0.71494
vn -0.74425 -0.03589 -0.66694
vn -0.35623 0.70172 -0.617
vn -0.5 -0 -0.86603
vn -0.43302 -0.4698 -0.76927
vn -0.22018 -0.47792 -0.85036
vn -0.21833 -0.53517 -0.81604
vn -0.1844 0.70172 -0.68818
vn -0.1315 0.86132 -0.49075
vn -0.25882 -0 -0.96593
vn -0.25018 0.25615 -0.9337
vn -0.23043 -0.45541 -0.85995
vn -0.0696 0.96317 -0.25974
vn -0.60405 -0.01916 -0.79672
vn -0.80694 -0.00438 -0.59062
vn -0.79823 0.00647 -0.60232
vn -0.22483 0.49536 -0.83909
vn -0.25018 -0.25615 -0.9337
vn -0.61602 -0.00073 -0.78773
vn -0.84589 -0.00246 -0.53335
vn -0.80981 -0.00493 -0.58668
vn -0.85035 -0.05337 -0.5235
vn -0.83126 -0.24789 -0.49755
vn -0.65477 -0.26421 -0.70815
vn -0.63688 -0.06807 -0.76795
vn -0.43204 -0.87115 -0.23332
vn -0.35622 -0.93397 -0.02839
vn -0.55644 -0.79829 0.23045
vn -0.60295 -0.79238 -0.09265
vn -0.15786 -0.70734 -0.68902
vn -0.18947 -0.44505 -0.87523
vn -0.3732 -0.15188 -0.91524
vn -0.38839 -0.07048 -0.9188
vn -0.18204 -0.13911 -0.9734
vn -0.28634 -0.71203 -0.64111
vn -0.33938 -0.47182 -0.81376
vn -0.27104 -0.95078 0.15022
vn -0.35405 -0.74764 0.56186
vn -0.51227 -0.00231 0.85882
vn -0.51116 0.2582 0.81979
vn -0.76069 0.25767 0.59579
vn -0.80079 -0.01842 0.59866
vn -0.41785 -0.81351 -0.40448
vn -0.54376 -0.76562 -0.34372
vn -0.22118 -0.94336 0.24729
vn -0.14253 -0.94184 0.30435
vn -0.12731 -0.56674 0.814
vn -0.21046 -0.64739 0.73253
vn -0.6104 -0.0788 -0.78817
vn -0.53553 -0.14326 -0.83227
vn -0.34902 -0.75225 -0.55884
vn -0.45074 -0.63961 -0.62268
vn -0.34876 -0.71918 -0.60096
vn -0.33947 -0.7262 -0.59783
vn -0.41039 -0.53381 -0.73934
vn -0.41308 -0.50471 -0.75804
vn -0.03144 -0.00968 0.99946
vn 0.12654 0.00823 0.99193
vn -0.04993 0.01585 0.99863
vn -0.18792 0.15827 0.96935
vn -0.90717 0.25519 0.33454
vn -0.94441 -0.05205 0.32461
vn -0.95201 0.23842 -0.19193
vn -0.97139 -0.04389 -0.23339
vn -0.77917 0.09507 -0.61956
vn -0.72048 -0.00926 -0.69341
vn -0.96993 -0.24302 0.01338
vn -0.93927 -0.24176 -0.24358
vn -0.99791 -0.05614 0.03192
vn -0.9676 -0.05736 -0.24589
vn -0.96828 0.0024 -0.24984
vn -0.96596 0.0194 -0.25797
vn -0.99857 0.0441 0.03017
vn -0.95061 0.05851 -0.30482
vn -0.93417 0.06418 -0.35101
vn -0.98217 0.18035 -0.05309
vn -0.86141 0.14024 -0.48817
vn -0.93872 -0.24308 0.24436
vn -0.29468 -0.11641 0.94848
vn -0.20034 -0.14135 0.96948
vn -0.73572 -0.21798 0.64125
vn -0.75397 -0.0647 0.65371
vn -0.86098 -0.23625 0.45044
vn -0.53632 -0.08474 0.83975
vn -0.71518 -0.0361 0.69801
vn -0.39639 -0.02363 0.91778
vn -0.60864 0.10972 0.78582
vn -0.43852 -0.28596 -0.85202
vn -0.21511 -0.30372 -0.92816
vn -0.41176 -0.09147 -0.90669
vn -0.19295 -0.10105 -0.97599
vn -0.39423 0.00273 -0.91901
vn -0.18106 0.00891 -0.98343
vn -0.39337 -0.01304 -0.91929
vn 0.0278 -0.19561 0.98029
vn -0.09534 -0.33384 0.9378
vn -0.44333 -0.42669 0.78829
vn -0.73873 -0.47756 0.47563
vn -0.82675 -0.53868 0.1622
vn -0.80122 -0.52262 -0.2914
vn -0.59247 -0.38897 -0.70547
vn -0.49241 -0.31373 -0.81186
vn -0.46594 -0.31796 -0.82571
vn -0.35399 -0.30118 -0.88543
vn -0.18536 -0.26716 -0.94566
vn -0.17516 0.16857 0.97
vn -0.22174 0.12554 0.96699
vn -0.18051 0.09231 0.97923
vn -0.76066 0.02981 -0.64846
vn 0.25998 0.94016 0.22027
vn 0.7063 0.52424 -0.47572
vn -0.69665 0.52116 -0.49303
vn -0.81036 0.08619 -0.57955
vn -0.86966 0.0358 -0.49236
vn -0.81615 -0.02727 -0.57719
vn -0.89151 0.04245 -0.45101
vn -0.91683 -0.00317 -0.39927
vn -0.89541 0.00903 -0.44515
vn -0.91872 -0.0008 -0.39492
vn -0.91658 0.00097 -0.39984
vn -0.9125 0.01914 -0.40864
vn -0.9146 -0.00086 -0.40436
vn -0.87716 0.01843 -0.47985
vn 0.82408 0.06924 0.56223
vn 0.92736 -0.29685 0.22777
vn 0.54317 0.29929 -0.78446
vn 0.67838 -0.2106 -0.70388
vn -0.64624 -0.17669 -0.7424
vn 0.88997 0.03821 -0.45442
vn 0.89586 0.03785 -0.44272
vn 0.91779 0.00019 -0.39706
vn 0.91732 -0.00251 -0.39814
vn 0.91009 0.01439 -0.41415
vn 0.87995 0.01459 -0.47484
vn 0.77379 -0.01208 -0.63333
vn 0.7729 0.06969 -0.63069
vn 0.85074 0.07925 -0.51957
vn 0.85904 -0.01382 -0.51173
vn 0.91545 0.00014 -0.40243
vn 0.91618 -0.0025 -0.40076
vn -0.88997 0.03821 -0.45442
vn -0.89583 0.03783 -0.44279
vn -0.91779 0.00019 -0.39706
vn -0.91732 -0.00251 -0.39814
vn -0.9101 0.01439 -0.41414
vn -0.87995 0.01459 -0.47484
vn -0.77379 -0.01208 -0.63333
vn -0.7729 0.06969 -0.63069
vn -0.85074 0.07925 -0.51957
vn -0.85904 -0.01382 -0.51172
vn -0.91545 0.00014 -0.40244
vn -0.91619 -0.0025 -0.40073
vn -0.73724 -0.62984 -0.24448
vn -0.54481 -0.57632 -0.60913
vn -0.60565 -0.0407 -0.79469
vn -0.88305 -0.01309 -0.4691
vn 0.0592 -0.9566 0.28532
vn -0.10041 -0.98793 0.11794
vn -0.79876 -0.58713 -0.13134
vn -0.94285 -0.08391 -0.32247
vn -0.07505 -0.97934 0.1878
vn 0.71928 -0.44819 0.53082
vn 0.783 -0.48502 0.38946
vn 0.94995 0.13011 0.28401
vn 0.86238 0.10562 0.49512
vn -0.81401 0.39092 -0.42962
vn -0.6944 0.5325 -0.484
vn 0.13566 0.97448 -0.17884
vn -0.12464 0.91974 -0.37222
vn 0.77241 0.63362 0.04362
vn 0.73329 0.60454 0.31117
vn 0.75208 0.64949 0.11197
vn 0.89794 0.18405 0.39979
vn 0.08492 0.84932 -0.521
vn -0.54318 0.29929 -0.78446
vn -0.67838 -0.2106 -0.70388
vn 0.80802 -0.42777 0.40511
vn 0.16882 -0.98564 -0.00361
vn -0.50532 -0.70695 -0.49484
vn 0.45616 -0.44979 0.76786
vn 0.58438 0.1323 0.80062
vn 0.49646 0.64204 0.58421
vn 0.01226 0.99361 -0.11221
vn -0.49776 0.48321 -0.72024
vn -0.88308 0.33914 -0.32426
vn -0.69032 0.39674 -0.60503
vn -0.35307 0.87842 0.32205
vn -0.25308 0.86202 0.43917
vn -0.80042 -0.0878 -0.59298
vn -0.61839 -0.00175 -0.78587
vn -0.38316 -0.49574 -0.77937
vn -0.45445 -0.51619 -0.72596
vn 0.48391 -0.81654 -0.3148
vn 0.3075 -0.94586 -0.1039
vn -0.48841 -0.57998 -0.65198
vn -0.27018 -0.49001 -0.82879
vn -0.32431 -0.02781 -0.94554
vn -0.67279 -0.01788 -0.73962
vn 0.19326 -0.97475 0.1119
vn 0.0123 -0.99991 0.00517
vn 0.28792 -0.4005 0.86989
vn 0.58965 -0.43307 0.68173
vn 0.6324 0.02709 0.77417
vn 0.31526 0.05333 0.94751
vn -0.63173 0.46138 -0.62293
vn -0.30945 0.38756 -0.86835
vn -0.05413 0.99178 -0.11594
vn 0.00929 0.99235 0.12307
vn 0.53673 0.44774 0.71516
vn 0.36395 0.29537 0.88335
vn 0.55928 -0.10726 0.82201
vn 0.79121 0.05201 0.60933
vn 0.86462 -0.34366 0.36651
vn 0.61854 -0.50521 0.6018
vn 0.53555 0.47933 0.69529
vn 0.27264 0.51788 0.81084
vn 0.69852 0.53525 0.47495
vn 0.82882 0.02063 0.55913
vn -0.05776 0.99569 -0.07254
vn -0.72205 0.47561 -0.50244
vn -0.8157 0.02927 -0.57773
vn 0.75662 -0.48285 0.44089
vn 0.07467 -0.9862 -0.14776
vn -0.68506 -0.47546 -0.55193
vn 0.69936 0.50065 0.51013
vn 0.75412 -0.01333 0.6566
vn 0.16674 0.96231 -0.21484
vn -0.40756 0.50282 -0.76228
vn 0.68871 -0.52718 0.49775
vn 0.17629 -0.96035 -0.21598
vn -0.56654 -0.47505 -0.67332
vn -0.87559 -0.12066 -0.46775
vn 0.41687 -0.70441 -0.57447
vn 0.9729 -0.20355 0.10972
vn 0.89903 0.16038 0.40745
vn -0.94411 0.26101 -0.20132
vn -0.41832 0.82047 0.38966
vn 0.5941 0.54824 0.58863
vn -0.7063 0.52424 -0.47573
vn -0.65499 0.09718 -0.74936
vn 0.73724 -0.62984 -0.24448
vn 0.54481 -0.57632 -0.60913
vn 0.40486 -0.84265 -0.35501
vn 0.54044 -0.83702 -0.08559
vn 0.88305 -0.01309 -0.4691
vn 0.60565 -0.0407 -0.79469
vn 0.79876 -0.58713 -0.13134
vn 0.54417 -0.83889 -0.01216
vn 0.94285 -0.08391 -0.32247
vn -0.71928 -0.44819 0.53082
vn -0.783 -0.48502 0.38946
vn -0.54657 -0.75481 0.36266
vn -0.4221 -0.78891 0.4466
vn -0.86238 0.10562 0.49512
vn -0.94995 0.13011 0.28401
vn 0.81401 0.39092 -0.42962
vn 0.6944 0.5325 -0.484
vn 0.62031 0.64678 -0.44372
vn 0.51668 0.7142 -0.47219
vn -0.77241 0.63362 0.04362
vn -0.73329 0.60454 0.31117
vn -0.528 0.84621 0.07181
vn -0.57001 0.81581 -0.09767
vn -0.75208 0.64949 0.11197
vn -0.57709 0.81133 -0.09332
vn -0.89794 0.18405 0.39979
vn 0.41546 0.55244 -0.72264
vn -0.80802 -0.42777 0.40511
vn -0.16882 -0.98564 -0.00361
vn 0.50532 -0.70695 -0.49484
vn -0.45616 -0.44979 0.76786
vn -0.26611 -0.76777 0.58284
vn -0.58438 0.1323 0.80062
vn -0.49646 0.64204 0.58421
vn -0.35963 0.8598 0.3625
vn 0.49776 0.48321 -0.72024
vn 0.38495 0.70321 -0.59776
vn 0.88308 0.33914 -0.32426
vn 0.69032 0.39674 -0.60503
vn 0.61839 -0.00175 -0.78587
vn 0.80042 -0.0878 -0.59298
vn 0.25308 0.86202 0.43917
vn 0.35307 0.87842 0.32205
vn 0.38316 -0.49574 -0.77937
vn 0.45445 -0.51619 -0.72596
vn -0.3075 -0.94586 -0.1039
vn -0.48391 -0.81654 -0.3148
vn 0.48841 -0.57998 -0.65198
vn 0.27018 -0.49001 -0.82879
vn -0.0123 -0.99991 0.00517
vn -0.19326 -0.97475 0.1119
vn 0.67279 -0.01788 -0.73962
vn 0.32431 -0.02781 -0.94554
vn -0.28792 -0.4005 0.86989
vn -0.58965 -0.43307 0.68173
vn -0.31526 0.05333 0.94751
vn -0.6324 0.02709 0.77417
vn 0.63173 0.46138 -0.62293
vn 0.30945 0.38756 -0.86835
vn -0.00929 0.99235 0.12307
vn 0.05413 0.99178 -0.11594
vn -0.53673 0.44774 0.71516
vn -0.36395 0.29537 0.88335
vn -0.79121 0.05201 0.60933
vn -0.55928 -0.10726 0.82201
vn -0.86462 -0.34366 0.36651
vn -0.61854 -0.50521 0.6018
vn -0.53555 0.47933 0.69529
vn -0.27264 0.51788 0.81084
vn -0.69852 0.53525 0.47495
vn 0.05776 0.99569 -0.07254
vn -0.82882 0.02063 0.55913
vn 0.72205 0.47561 -0.50244
vn 0.8157 0.02927 -0.57773
vn -0.75662 -0.48285 0.44089
vn -0.07467 -0.9862 -0.14776
vn 0.68506 -0.47546 -0.55193
vn -0.69936 0.50066 0.51013
vn -0.16674 0.96231 -0.21484
vn -0.75412 -0.01333 0.6566
vn 0.40756 0.50282 -0.76228
vn 0.52841 0.03693 -0.84818
vn -0.68871 -0.52718 0.49775
vn -0.17629 -0.96035 -0.21598
vn 0.40185 -0.48484 -0.77681
vn 0.56654 -0.47505 -0.67332
vn -0.41687 -0.70441 -0.57447
vn 0.87559 -0.12066 -0.46775
vn -0.9729 -0.20355 0.10972
vn -0.89903 0.16038 0.40745
vn 0.94411 0.26101 -0.20132
vn 0.41832 0.82047 0.38966
vn -0.5941 0.54824 0.58863
vn -0.55333 0.51984 0.65084
vn -0.82408 0.06924 0.56223
vn 0.65499 0.09718 -0.74936
vn -0.92736 -0.29685 0.22777
vn -0.47973 -0.64051 -0.59967
vn 0.33574 -0.28964 -0.89632
vn 0.64624 -0.1767 -0.7424
vn -0.8375 0.03486 -0.54533
vn -0.067 0.10654 0.99205
vn -0.01214 0.15285 0.98817
vn -0.06135 0.18445 0.98093
vn 0.17 0.16839 0.97095
vn 0.11407 0.20846 0.97136
vn 0.07076 0.10714 0.99172
vn 0.0133 0.15183 0.98832
vn -0.13247 0.06596 0.98899
vn -0.12084 0.20811 0.97061
vn 0.13731 0.06495 0.9884
vn 0.18471 0.09095 0.97858
vn 0.22207 0.12543 0.96693
vn -0.05782 0.20236 0.9776
vn -0.07073 0.09378 0.99308
vn -0.18716 0.08326 0.9788
vn -0.17414 0.17731 0.96863
vn 0.07131 0.19389 0.97843
vn 0.05987 0.08832 0.99429
vn 0.18238 0.08632 0.97943
vn 0.18032 0.1801 0.96698
vn -0.12774 0.02243 0.99155
vn -0.34218 -0.16029 0.92586
vn 0.45628 -0.86971 0.18819
vn -0.72387 -0.39688 0.56435
vn 0.91644 0.20246 -0.34518
vn 0.93315 0.338 0.12242
vn 0.87271 0.33882 0.35153
vn -0.32801 -0.62738 -0.70626
vn 0.5428 -0.20524 -0.8144
vn -0.79567 -0.60573 0.0018
vn 0.72387 -0.39688 0.56435
vn 0.34218 -0.16029 0.92586
vn -0.45628 -0.86971 0.18819
vn 0.12774 0.02243 0.99155
vn -0.87271 0.33882 0.35153
vn -0.93315 0.338 0.12242
vn -0.91644 0.20246 -0.34518
vn -0.5428 -0.20524 -0.8144
vn 0.32801 -0.62739 -0.70626
vn 0.79567 -0.60573 0.0018
vn -0.76144 -0.64671 -0.04444
vn -0.81304 -0.5821 -0.01128
vn -0.12809 -0.94034 -0.3152
vn -0.04254 -0.9391 -0.341
vn -0.9813 -0.10626 0.16048
vn -0.983 -0.06716 0.17087
vn -0.81188 0.51638 0.27239
vn -0.8411 0.4698 0.26803
vn -0.1995 0.95036 0.23879
vn -0.15493 0.96043 0.23146
vn 0.77309 -0.4716 -0.42418
vn 0.79663 -0.4359 -0.41877
vn 0.93288 0.29862 -0.20141
vn 0.94492 0.23582 -0.22698
vn -0.77309 -0.4716 -0.42418
vn -0.79663 -0.4359 -0.41877
vn 0.12809 -0.94034 -0.3152
vn 0.04254 -0.9391 -0.341
vn -0.94492 0.23582 -0.22698
vn -0.93288 0.29862 -0.20141
vn -0.6352 0.77225 0.0126
vn -0.66469 0.74712 -0.00126
vn 0.1995 0.95036 0.23879
vn 0.15493 0.96043 0.23146
vn 0.81188 0.51638 0.27239
vn 0.8411 0.4698 0.26803
vn 0.9813 -0.10626 0.16048
vn 0.983 -0.06716 0.17087
vn 0.66469 0.74712 -0.00126
vn 0.6352 0.77225 0.0126
vn 0.81304 -0.5821 -0.01128
vn 0.76144 -0.64671 -0.04444
vn 0.51106 -0.29612 0.80693
vn 0.51407 -0.29112 0.80684
vn 0.4855 -0.35271 0.79993
vn 0.48854 -0.35154 0.79859
vn 0.55421 -0.26815 0.788
vn 0.55415 -0.26123 0.79037
vn 0.51091 -0.2749 0.81449
vn 0.51429 -0.27765 0.81143
vn 0.48953 -0.23562 0.83955
vn 0.496 -0.23234 0.83666
vn 0.48143 -0.29505 0.82533
vn 0.47775 -0.30311 0.82455
vn 0.41926 -0.3411 0.84135
vn 0.42321 -0.34649 0.83716
vn 0.45479 -0.33038 0.82705
vn 0.44853 -0.32826 0.8313
vn -0.51429 -0.27765 0.81143
vn -0.51091 -0.2749 0.81449
vn -0.51647 -0.2185 0.82796
vn -0.50157 -0.22736 0.8347
vn -0.55421 -0.26814 0.788
vn -0.55415 -0.26123 0.79037
vn -0.51407 -0.29112 0.80684
vn -0.51106 -0.29612 0.80693
vn -0.48854 -0.35154 0.79859
vn -0.4855 -0.35271 0.79993
vn -0.44853 -0.32826 0.8313
vn -0.45479 -0.33038 0.82705
vn -0.42035 -0.33368 0.84378
vn -0.42357 -0.33684 0.84091
vn -0.47351 -0.31532 0.82241
vn -0.515 -0.25176 0.81938
vn -0.72911 -0.68439 0.00447
vn -0.7495 -0.66091 0.03807
vn -0.22282 -0.81759 -0.53094
vn -0.13912 -0.79593 -0.58919
vn -0.85873 -0.22531 0.46023
vn -0.8596 -0.23344 0.45453
vn -0.59597 0.35889 0.71834
vn -0.60201 0.35139 0.71702
vn 0.10373 0.85129 0.51433
vn 0.11394 0.85403 0.50759
vn 0.5784 -0.21283 -0.7875
vn 0.5722 -0.22241 -0.78938
vn 0.78188 0.44066 -0.44099
vn 0.78313 0.3928 -0.48209
vn -0.6158 -0.15743 -0.77202
vn -0.63091 -0.13162 -0.76461
vn 0.18685 -0.80583 -0.56189
vn 0.10237 -0.77932 -0.61821
vn -0.7861 0.4182 -0.45515
vn -0.78234 0.46397 -0.41554
vn -0.63969 0.76811 -0.02855
vn -0.6637 0.74453 -0.07193
vn -0.10373 0.85129 0.51433
vn -0.11395 0.85403 0.50759
vn 0.59597 0.35889 0.71834
vn 0.60201 0.35139 0.71702
vn 0.85873 -0.22531 0.46023
vn 0.8596 -0.23344 0.45453
vn 0.6637 0.74453 -0.07193
vn 0.63969 0.76811 -0.02855
vn 0.7495 -0.66091 0.03807
vn 0.72911 -0.68439 0.00447
vn 0.51773 -0.69443 0.49971
vn 0.52047 -0.69235 0.49976
vn 0.50411 -0.69074 0.51841
vn 0.50713 -0.68601 0.52174
vn 0.4953 -0.699 0.51583
vn 0.50679 -0.69297 0.5128
vn 0.39993 -0.6853 0.60862
vn 0.3959 -0.68167 0.61529
vn 0.36687 -0.61348 0.69932
vn 0.37626 -0.60196 0.70432
vn 0.36628 -0.59915 0.71194
vn 0.36205 -0.60201 0.71169
vn 0.38278 -0.59473 0.70695
vn 0.37023 -0.60154 0.70787
vn 0.47411 -0.61694 0.62818
vn 0.47776 -0.6199 0.62247
vn -0.3959 -0.68167 0.61529
vn -0.39993 -0.6853 0.60862
vn -0.37626 -0.60196 0.70433
vn -0.36687 -0.61349 0.69932
vn -0.4953 -0.699 0.51583
vn -0.50679 -0.69297 0.5128
vn -0.52047 -0.69235 0.49976
vn -0.51773 -0.69443 0.49972
vn -0.50713 -0.68601 0.52174
vn -0.50411 -0.69074 0.51841
vn -0.47776 -0.6199 0.62247
vn -0.47411 -0.61694 0.62818
vn -0.38278 -0.59473 0.70695
vn -0.37023 -0.60154 0.70787
vn -0.36205 -0.60201 0.71169
vn -0.36628 -0.59915 0.71194
vn 0.5883 0.40042 0.70254
vn 0.60354 0.38527 0.69808
vn -0.17109 0.80633 0.56619
vn -0.12104 0.79702 0.5917
vn 0.90091 -0.08479 0.42565
vn 0.91023 -0.11835 0.39682
vn 0.84278 -0.52957 -0.09638
vn 0.84313 -0.52913 -0.09564
vn 0.28358 -0.67633 -0.67982
vn 0.33691 -0.68356 -0.64749
vn -0.52102 -0.25919 -0.81324
vn -0.5332 -0.24753 -0.80896
vn -0.85822 0.31525 -0.40506
vn -0.8594 0.32677 -0.39327
vn -0.84313 -0.52913 -0.09564
vn -0.84278 -0.52957 -0.09638
vn -0.33691 -0.68356 -0.64749
vn -0.28358 -0.67633 -0.67982
vn -0.90091 -0.08479 0.42565
vn -0.91023 -0.11835 0.39682
vn -0.60354 0.38527 0.69808
vn -0.5883 0.40042 0.70254
vn 0.12104 0.79702 0.5917
vn 0.17109 0.80633 0.56619
vn 0.53321 -0.24753 -0.80896
vn 0.52102 -0.2592 -0.81324
vn 0.8594 0.32676 -0.39327
vn 0.85822 0.31525 -0.40506
vn -0.7458 0.66507 0.03833
vn -0.73593 0.67484 0.05483
vn 0.73593 0.67484 0.05483
vn 0.7458 0.66507 0.03833
vn 0.41134 -0.72105 0.55757
vn 0.42091 -0.71427 0.55915
vn 0.38556 -0.74649 0.5423
vn 0.38633 -0.74636 0.54193
vn 0.45639 -0.70101 0.54799
vn 0.4567 -0.70011 0.54888
vn 0.42563 -0.70541 0.56677
vn 0.41987 -0.7024 0.57476
vn 0.41956 -0.67985 0.60148
vn 0.43177 -0.67542 0.59781
vn 0.42077 -0.69122 0.58751
vn 0.37963 -0.71745 0.58407
vn 0.35243 -0.72236 0.59497
vn 0.351 -0.72556 0.59191
vn 0.37971 -0.72586 0.57354
vn 0.38233 -0.72794 0.56914
vn -0.41987 -0.7024 0.57476
vn -0.42563 -0.70541 0.56677
vn -0.43178 -0.67542 0.59781
vn -0.41956 -0.67985 0.60148
vn -0.45639 -0.70101 0.54799
vn -0.4567 -0.70011 0.54888
vn -0.42092 -0.71427 0.55915
vn -0.41134 -0.72105 0.55757
vn -0.38633 -0.74636 0.54193
vn -0.38556 -0.74649 0.5423
vn -0.38233 -0.72794 0.56914
vn -0.37971 -0.72586 0.57354
vn -0.35243 -0.72236 0.59497
vn -0.351 -0.72556 0.59191
vn -0.37963 -0.71745 0.58407
vn -0.42077 -0.69122 0.58751
vn 0.84658 0.5188 0.11898
vn 0.75852 0.55724 0.33784
vn 0.87587 0.35845 -0.32305
vn 0.57459 0.03053 -0.81787
vn -0.45352 -0.46963 -0.75747
vn -0.48496 0.09765 0.86907
vn -0.81354 -0.19881 0.54647
vn -0.26559 0.23945 0.93388
vn 0.48496 0.09765 0.86907
vn 0.26559 0.23945 0.93388
vn 0.81354 -0.19881 0.54647
vn 0.90105 -0.4332 0.02127
vn 0.45352 -0.46963 -0.75747
vn -0.57458 0.03053 -0.81788
vn -0.87587 0.35845 -0.32305
vn -0.90105 -0.4332 0.02127
vn -0.84658 0.5188 0.11898
vn -0.75852 0.55724 0.33784
vn 0.62992 0.57539 -0.52165
vn 0.46635 0.65211 -0.59772
vn 0.4121 0.86551 -0.28472
vn 0.57462 0.79297 -0.20252
vn 0.99256 0.10086 -0.06822
vn 0.87478 0.36511 -0.31851
vn 0.8235 0.56687 -0.02258
vn 0.9528 0.25727 0.16119
vn 0.94217 -0.09211 0.32222
vn 0.77642 -0.44992 0.4413
vn 0.96446 -0.17981 0.19359
vn 0.83714 0.08213 -0.54079
vn 0.58933 0.27022 -0.76136
vn 0.9481 -0.30282 0.09696
vn 0.96338 -0.11852 -0.24054
vn 0.42653 0.3528 -0.83283
vn 0.89557 -0.44242 0.04706
vn 0.8697 -0.36746 -0.32953
vn 0.45901 -0.07609 -0.88516
vn 0.29872 0.01314 -0.95425
vn 0.7163 -0.239 -0.65558
vn 0.25882 -0.41082 -0.87421
vn 0.10237 -0.31515 -0.9435
vn 0.72579 -0.60809 -0.32165
vn 0.53067 -0.54938 -0.64542
vn 0.81488 -0.57734 0.05147
vn 0.7183 -0.68706 0.10954
vn 0.30849 -0.80177 -0.51185
vn 0.01922 -0.68301 -0.73016
vn 0.55355 -0.80375 -0.21811
vn -0.13262 -0.58211 -0.80222
vn 0.08361 -0.95774 -0.2752
vn -0.2233 -0.85121 -0.47495
vn 0.62054 -0.75486 0.21241
vn 0.37921 -0.92466 -0.03465
vn -0.37048 -0.74708 -0.55192
vn -0.43183 -0.88982 -0.14744
vn -0.575 -0.78495 -0.2307
vn 0.22931 -0.95242 0.20079
vn -0.10976 -0.99355 0.02849
vn 0.53648 -0.77043 0.34443
vn -0.57462 -0.79297 0.20252
vn -0.71505 -0.68996 0.11254
vn 0.12667 -0.8828 0.45236
vn -0.24216 -0.90374 0.35301
vn 0.47893 -0.73139 0.48549
vn -0.29344 -0.70199 0.64893
vn -0.62992 -0.57539 0.52165
vn 0.45663 -0.64368 0.61413
vn 0.08691 -0.72639 0.68177
vn -0.76929 -0.47656 0.42553
vn -0.2558 -0.41901 0.87121
vn -0.58933 -0.27022 0.76136
vn 0.47299 -0.52067 0.71076
vn 0.11609 -0.50701 0.85408
vn -0.72948 -0.17725 0.66064
vn -0.45901 0.07609 0.88516
vn -0.60167 0.16241 0.78206
vn 0.20977 -0.25806 0.94308
vn -0.13496 -0.09788 0.986
vn 0.52552 -0.38107 0.76066
vn 0.35368 -0.01744 0.9352
vn 0.05067 0.21251 0.97584
vn 0.60622 -0.24615 0.75625
vn -0.25882 0.41082 0.87421
vn -0.40532 0.4907 0.77132
vn 0.27285 0.4649 0.84227
vn -0.01922 0.68301 0.73016
vn 0.7028 -0.13643 0.69818
vn 0.52592 0.17822 0.83165
vn -0.17032 0.75766 0.63004
vn 0.80056 -0.06863 0.59531
vn 0.70026 0.29913 0.6482
vn 0.2233 0.85121 0.47495
vn 0.06754 0.92263 0.37973
vn 0.49773 0.62087 0.60562
vn 0.43183 0.88982 0.14744
vn 0.27206 0.9605 0.05851
vn 0.85016 0.32689 0.41276
vn 0.6911 0.65668 0.30193
vn 0.88462 -0.05307 0.46329
vn -0.62992 0.57539 -0.52165
vn -0.57462 0.79297 -0.20252
vn -0.4121 0.86551 -0.28472
vn -0.46635 0.65211 -0.59772
vn -0.99256 0.10086 -0.06822
vn -0.9528 0.25727 0.16119
vn -0.8235 0.56687 -0.02258
vn -0.87478 0.36511 -0.31851
vn -0.94217 -0.09211 0.32222
vn -0.96446 -0.17981 0.19359
vn -0.77642 -0.44992 0.4413
vn -0.83714 0.08213 -0.54079
vn -0.58933 0.27022 -0.76136
vn -0.9481 -0.30282 0.09696
vn -0.96338 -0.11852 -0.24054
vn -0.42653 0.3528 -0.83283
vn -0.89557 -0.44242 0.04706
vn -0.8697 -0.36746 -0.32953
vn -0.45901 -0.07609 -0.88516
vn -0.29872 0.01314 -0.95425
vn -0.7163 -0.239 -0.65558
vn -0.25882 -0.41082 -0.87421
vn -0.10237 -0.31515 -0.9435
vn -0.72579 -0.60809 -0.32165
vn -0.53067 -0.54938 -0.64542
vn -0.81488 -0.57734 0.05147
vn -0.7183 -0.68706 0.10954
vn -0.30849 -0.80177 -0.51185
vn -0.01922 -0.68301 -0.73016
vn -0.55355 -0.80375 -0.21811
vn 0.13262 -0.58211 -0.80222
vn -0.08361 -0.95774 -0.2752
vn 0.2233 -0.85121 -0.47495
vn -0.62054 -0.75486 0.21241
vn -0.37921 -0.92466 -0.03465
vn 0.37048 -0.74708 -0.55192
vn 0.43183 -0.88982 -0.14744
vn 0.575 -0.78495 -0.2307
vn -0.22931 -0.95242 0.20079
vn 0.10976 -0.99355 0.02849
vn -0.53648 -0.77043 0.34443
vn 0.57462 -0.79297 0.20252
vn 0.71505 -0.68996 0.11254
vn -0.12667 -0.88279 0.45236
vn 0.24216 -0.90374 0.35301
vn -0.47893 -0.73139 0.48549
vn 0.29344 -0.70199 0.64893
vn 0.62992 -0.57539 0.52165
vn -0.45663 -0.64368 0.61413
vn -0.08691 -0.72639 0.68177
vn 0.76929 -0.47656 0.42553
vn 0.2558 -0.41901 0.87121
vn 0.58933 -0.27022 0.76136
vn -0.47299 -0.52067 0.71076
vn -0.11609 -0.50701 0.85408
vn 0.72948 -0.17725 0.66064
vn 0.45901 0.07609 0.88516
vn 0.60167 0.16241 0.78206
vn -0.20977 -0.25806 0.94308
vn 0.13496 -0.09788 0.986
vn -0.52552 -0.38107 0.76066
vn -0.35368 -0.01744 0.9352
vn -0.05067 0.21251 0.97584
vn -0.60622 -0.24615 0.75625
vn 0.25882 0.41082 0.87421
vn 0.40532 0.4907 0.77132
vn -0.27285 0.4649 0.84227
vn 0.01922 0.68301 0.73016
vn -0.7028 -0.13643 0.69818
vn -0.52592 0.17822 0.83165
vn 0.17032 0.75766 0.63004
vn -0.80056 -0.06863 0.59531
vn -0.70026 0.29913 0.6482
vn -0.2233 0.85121 0.47495
vn -0.06754 0.92263 0.37973
vn -0.49773 0.62087 0.60562
vn -0.43183 0.88982 0.14744
vn -0.27206 0.9605 0.05851
vn -0.85016 0.32689 0.41276
vn -0.6911 0.65668 0.30193
vn -0.88462 -0.05307 0.46329
vn -0 0.01161 -0.99993
vt 0.21989 0.67332
vt 0.21876 0.63707
vt 0.22976 0.63767
vt 0.24383 0.53781
vt 0.24095 0.5704
vt 0.21668 0.57012
vt 0.21569 0.53772
vt 0.24395 0.4398
vt 0.24528 0.47259
vt 0.21374 0.47317
vt 0.21268 0.44041
vt 0.23552 0.35039
vt 0.23895 0.37449
vt 0.21058 0.37544
vt 0.20983 0.35151
vt 0.2365 0.60377
vt 0.21768 0.60313
vt 0.24518 0.50526
vt 0.21468 0.50551
vt 0.24183 0.40633
vt 0.21157 0.4067
vt 0.27698 0.47339
vt 0.27584 0.50677
vt 0.26717 0.37329
vt 0.27196 0.40593
vt 0.25501 0.60657
vt 0.24041 0.63961
vt 0.27204 0.54008
vt 0.2756 0.4397
vt 0.26522 0.57329
vt 0.26127 0.34888
vt 0.3003 0.5444
vt 0.28925 0.57867
vt 0.30746 0.43966
vt 0.30933 0.47468
vt 0.28692 0.34678
vt 0.29493 0.37191
vt 0.27278 0.61152
vt 0.30688 0.50968
vt 0.30213 0.40496
vt 0.25028 0.64347
vt 0.13018 0.18864
vt 0.13241 0.22813
vt 0.11253 0.22917
vt 0.10953 0.1891
vt 0.12989 0.26878
vt 0.1098 0.26775
vt 0.5141 0.52851
vt 0.51323 0.5008
vt 0.53013 0.50088
vt 0.52977 0.52822
vt 0.33836 0.51418
vt 0.32857 0.55095
vt 0.33266 0.40254
vt 0.33984 0.43932
vt 0.25882 0.64897
vt 0.22543 0.26765
vt 0.24446 0.26667
vt 0.25119 0.30816
vt 0.22954 0.30963
vt 0.31257 0.58649
vt 0.342 0.47675
vt 0.3122 0.3432
vt 0.3222 0.3688
vt 0.28943 0.6194
vt 0.33479 0.59755
vt 0.30406 0.63032
vt 0.3754 0.4787
vt 0.37065 0.52015
vt 0.34849 0.36304
vt 0.36315 0.39777
vt 0.26547 0.65585
vt 0.35671 0.5601
vt 0.37275 0.43765
vt 0.3361 0.3372
vt 0.38482 0.57352
vt 0.35452 0.61287
vt 0.40719 0.4329
vt 0.41059 0.48053
vt 0.35734 0.32792
vt 0.37289 0.35294
vt 0.31547 0.64379
vt 0.40298 0.52797
vt 0.39248 0.38881
vt 0.26973 0.66428
vt 0.62177 0.05165
vt 0.58258 0.0269
vt 0.5867 0.0184
vt 0.63297 0.03802
vt 0.68994 0.16137
vt 0.6757 0.12104
vt 0.70267 0.10803
vt 0.72266 0.1527
vt 0.68297 0.28508
vt 0.69262 0.24453
vt 0.7271 0.24932
vt 0.712 0.29388
vt 0.53659 0.00993
vt 0.65254 0.08449
vt 0.6726 0.06861
vt 0.69596 0.20316
vt 0.73097 0.20087
vt 0.65361 0.34643
vt 0.66764 0.3206
vt 0.69198 0.33131
vt 0.67423 0.35642
vt 0.63085 0.3399
vt 0.64163 0.31413
vt 0.63088 0.09565
vt 0.60733 0.06266
vt 0.66187 0.20528
vt 0.65788 0.16781
vt 0.65288 0.28008
vt 0.57602 0.03391
vt 0.64779 0.13091
vt 0.66009 0.24282
vt 0.56757 0.03938
vt 0.61964 0.13776
vt 0.60786 0.10375
vt 0.62797 0.2424
vt 0.62899 0.20738
vt 0.60695 0.33574
vt 0.61481 0.31031
vt 0.59084 0.07079
vt 0.62635 0.17254
vt 0.6228 0.27747
vt 0.58763 0.30808
vt 0.59278 0.27602
vt 0.57303 0.07628
vt 0.55778 0.04323
vt 0.59555 0.17553
vt 0.59116 0.14246
vt 0.59627 0.24255
vt 0.59258 0.51979
vt 0.59409 0.53675
vt 0.57689 0.53333
vt 0.58402 0.10925
vt 0.59693 0.20895
vt 0.5824 0.3331
vt 0.55749 0.33158
vt 0.56021 0.30685
vt 0.55975 0.11222
vt 0.55449 0.07939
vt 0.56523 0.20978
vt 0.56483 0.17739
vt 0.56302 0.27563
vt 0.54715 0.04544
vt 0.59575 0.48268
vt 0.59748 0.5034
vt 0.58028 0.50287
vt 0.56297 0.14486
vt 0.56479 0.24247
vt 0.59863 0.44054
vt 0.60012 0.46134
vt 0.58362 0.46266
vt 0.53312 0.27503
vt 0.53352 0.2424
vt 0.53611 0.04601
vt 0.60476 0.41961
vt 0.58755 0.41936
vt 0.59482 0.37763
vt 0.61444 0.38016
vt 0.5348 0.14566
vt 0.53523 0.11282
vt 0.53389 0.21001
vt 0.53239 0.33081
vt 0.53271 0.30606
vt 0.53566 0.0804
vt 0.53434 0.17773
vt 0.24789 0.02684
vt 0.27404 0.04855
vt 0.25919 0.05906
vt 0.23674 0.03395
vt 0.52862 0.61332
vt 0.52896 0.58841
vt 0.538 0.58895
vt 0.53388 0.61387
vt 0.55822 0.55344
vt 0.54375 0.55126
vt 0.54542 0.52892
vt 0.56109 0.53067
vt 0.54804 0.59051
vt 0.53972 0.61529
vt 0.24284 0.06582
vt 0.22533 0.03866
vt 0.25777 0.11849
vt 0.2784 0.11211
vt 0.28076 0.1463
vt 0.25929 0.15188
vt 0.2544 0.01645
vt 0.28675 0.03743
vt 0.21552 0.04173
vt 0.22651 0.07007
vt 0.21268 0.07159
vt 0.20735 0.04363
vt 0.59006 0.56277
vt 0.57296 0.55698
vt 0.56406 0.62716
vt 0.58932 0.60916
vt 0.5996 0.62174
vt 0.57186 0.63622
vt 0.20098 0.07195
vt 0.20011 0.04445
vt 0.54656 0.61759
vt 0.56 0.59366
vt 0.57489 0.59876
vt 0.55481 0.6213
vt 0.20285 0.13074
vt 0.21897 0.12892
vt 0.22005 0.15941
vt 0.20379 0.16038
vt 0.19897 0.00874
vt 0.23949 0.12377
vt 0.23891 0.15665
vt 0.30259 0.10275
vt 0.3029 0.14044
vt 0.32368 0.09563
vt 0.32463 0.13892
vt 0.63699 0.58056
vt 0.61335 0.57192
vt 0.61568 0.54088
vt 0.63967 0.54434
vt 0.52812 0.6507
vt 0.52947 0.55038
vt 0.65164 0.39253
vt 0.63348 0.38501
vt 0.64036 0.42638
vt 0.62186 0.42196
vt 0.22287 0.22596
vt 0.2407 0.22494
vt 0.22148 0.18995
vt 0.23911 0.18804
vt 0.6069 0.4973
vt 0.61572 0.50252
vt 0.20854 0.31057
vt 0.20721 0.26834
vt 0.63539 0.46189
vt 0.6195 0.44129
vt 0.63435 0.50108
vt 0.61643 0.48157
vt 0.6157 0.5217
vt 0.31649 0.29856
vt 0.33609 0.29196
vt 0.30439 0.26161
vt 0.32381 0.25824
vt 0.20589 0.22668
vt 0.20476 0.19094
vt 0.27333 0.30607
vt 0.26424 0.26546
vt 0.29923 0.22327
vt 0.31879 0.22266
vt 0.29968 0.18308
vt 0.31929 0.18428
vt 0.29533 0.30306
vt 0.2844 0.26391
vt 0.25959 0.22394
vt 0.25838 0.18597
vt 0.57452 0.3766
vt 0.55342 0.37626
vt 0.56963 0.42005
vt 0.55077 0.42063
vt 0.56668 0.46435
vt 0.54893 0.466
vt 0.56371 0.50195
vt 0.54703 0.50125
vt 0.53181 0.37593
vt 0.53122 0.42067
vt 0.27932 0.22349
vt 0.27905 0.18392
vt 0.21696 0.0983
vt 0.2346 0.09513
vt 0.25241 0.09031
vt 0.27183 0.08233
vt 0.29294 0.07465
vt 0.31226 0.06668
vt 0.62527 0.60304
vt 0.60546 0.592
vt 0.58473 0.58212
vt 0.56827 0.57568
vt 0.55429 0.57202
vt 0.54146 0.56993
vt 0.52922 0.56909
vt 0.20187 0.09978
vt 0.60515 0.53374
vt 0.94956 0.37831
vt 0.94618 0.37666
vt 0.95473 0.36667
vt 0.6129 0.52147
vt 0.60638 0.50803
vt 0.59862 0.5203
vt 0.61607 0.44119
vt 0.60151 0.48208
vt 0.60581 0.44049
vt 0.61255 0.42674
vt 0.61713 0.46062
vt 0.60869 0.46641
vt 0.60932 0.45494
vt 0.61371 0.48184
vt 0.79248 0.5922
vt 0.79137 0.58975
vt 0.80207 0.58235
vt 0.80566 0.59891
vt 0.80286 0.59835
vt 0.20781 0.63836
vt 0.18763 0.53951
vt 0.19249 0.57191
vt 0.18145 0.44176
vt 0.18227 0.47454
vt 0.18412 0.352
vt 0.1822 0.37627
vt 0.19891 0.605
vt 0.18419 0.50713
vt 0.18132 0.40822
vt 0.15064 0.47735
vt 0.15368 0.51051
vt 0.15396 0.37684
vt 0.15117 0.4097
vt 0.18061 0.60902
vt 0.19731 0.64097
vt 0.1597 0.54337
vt 0.14987 0.44369
vt 0.16847 0.57632
vt 0.15833 0.35211
vt 0.13163 0.54976
vt 0.14501 0.58277
vt 0.11813 0.44584
vt 0.11824 0.48076
vt 0.1326 0.35161
vt 0.12614 0.37715
vt 0.16318 0.61513
vt 0.12307 0.5155
vt 0.1209 0.41055
vt 0.1877 0.64543
vt 0.09181 0.52197
vt 0.10378 0.55807
vt 0.09046 0.41023
vt 0.08561 0.44736
vt 0.17951 0.65143
vt 0.18898 0.2688
vt 0.18752 0.31095
vt 0.16583 0.31085
vt 0.16993 0.26902
vt 0.12217 0.59227
vt 0.08584 0.4848
vt 0.10716 0.34964
vt 0.0988 0.37583
vt 0.14718 0.62379
vt 0.10068 0.60499
vt 0.13335 0.63512
vt 0.05276 0.48882
vt 0.05991 0.52986
vt 0.07229 0.37179
vt 0.06007 0.40743
vt 0.17327 0.65886
vt 0.07618 0.56915
vt 0.05221 0.44751
vt 0.08295 0.34519
vt 0.0492 0.58364
vt 0.08142 0.6218
vt 0.01839 0.4446
vt 0.017 0.49244
vt 0.06117 0.3373
vt 0.04731 0.36327
vt 0.12288 0.64953
vt 0.02807 0.5396
vt 0.03025 0.40023
vt 0.16956 0.66737
vt 0.45026 0.04956
vt 0.43948 0.03544
vt 0.48626 0.01708
vt 0.49013 0.02552
vt 0.37907 0.15738
vt 0.34664 0.14792
vt 0.36781 0.10363
vt 0.39442 0.11733
vt 0.3832 0.28121
vt 0.35334 0.28931
vt 0.34022 0.24401
vt 0.37429 0.24058
vt 0.399 0.06497
vt 0.41863 0.08143
vt 0.33747 0.19592
vt 0.37245 0.19906
vt 0.4108 0.3433
vt 0.38991 0.35275
vt 0.37277 0.32718
vt 0.39744 0.31713
vt 0.43372 0.33736
vt 0.42361 0.31133
vt 0.44003 0.09313
vt 0.46446 0.06069
vt 0.406 0.20182
vt 0.41154 0.16461
vt 0.41328 0.277
vt 0.49651 0.03289
vt 0.42208 0.12785
vt 0.40687 0.23956
vt 0.50482 0.03857
vt 0.45038 0.13556
vt 0.46287 0.10186
vt 0.43893 0.23995
vt 0.43895 0.20471
vt 0.45772 0.33381
vt 0.45051 0.3082
vt 0.48073 0.0693
vt 0.4425 0.16993
vt 0.44337 0.27514
vt 0.47776 0.30667
vt 0.47336 0.27459
vt 0.4984 0.07528
vt 0.51452 0.04267
vt 0.47322 0.17391
vt 0.47861 0.14098
vt 0.47088 0.2407
vt 0.48252 0.53207
vt 0.46523 0.53503
vt 0.4672 0.51813
vt 0.48657 0.10795
vt 0.4708 0.20731
vt 0.48234 0.3318
vt 0.50728 0.33091
vt 0.5052 0.30609
vt 0.51075 0.11157
vt 0.51685 0.07889
vt 0.50255 0.20901
vt 0.50387 0.17662
vt 0.50326 0.2747
vt 0.52509 0.04516
vt 0.47995 0.50153
vt 0.46274 0.50162
vt 0.46504 0.48092
vt 0.50668 0.14414
vt 0.5022 0.24176
vt 0.4777 0.46122
vt 0.46125 0.45941
vt 0.46331 0.43872
vt 0.45776 0.41768
vt 0.44909 0.37802
vt 0.46877 0.37599
vt 0.47496 0.41787
vt 0.1513 0.02991
vt 0.16289 0.0363
vt 0.14208 0.06278
vt 0.12658 0.05323
vt 0.52335 0.61373
vt 0.5199 0.58871
vt 0.50064 0.55267
vt 0.49839 0.52983
vt 0.51516 0.55088
vt 0.51747 0.61499
vt 0.50982 0.59
vt 0.17457 0.04027
vt 0.15883 0.06849
vt 0.14727 0.122
vt 0.14786 0.15541
vt 0.12609 0.15121
vt 0.12627 0.11694
vt 0.14415 0.01995
vt 0.1132 0.04294
vt 0.18456 0.04271
vt 0.19283 0.04409
vt 0.18929 0.07233
vt 0.17539 0.07169
vt 0.46857 0.56114
vt 0.48582 0.55582
vt 0.49282 0.6262
vt 0.48478 0.63505
vt 0.45744 0.61983
vt 0.46805 0.60753
vt 0.51057 0.61711
vt 0.50222 0.6206
vt 0.48276 0.59753
vt 0.49778 0.59283
vt 0.18751 0.16044
vt 0.18665 0.12995
vt 0.16584 0.12611
vt 0.16851 0.15888
vt 0.10362 0.14676
vt 0.10154 0.10913
vt 0.08184 0.14663
vt 0.08004 0.10337
vt 0.42117 0.57766
vt 0.41947 0.54138
vt 0.44354 0.53858
vt 0.44503 0.56967
vt 0.41157 0.38943
vt 0.42993 0.38237
vt 0.42199 0.42356
vt 0.44059 0.41958
vt 0.44253 0.43899
vt 0.44447 0.45841
vt 0.42617 0.45917
vt 0.4445 0.47933
vt 0.44453 0.50025
vt 0.42596 0.49828
vt 0.44403 0.51942
vt 0.10006 0.30538
vt 0.08007 0.30004
vt 0.0902 0.26561
vt 0.1889 0.22703
vt 0.18802 0.191
vt 0.1436 0.31015
vt 0.15012 0.26906
vt 0.09297 0.2298
vt 0.09004 0.19154
vt 0.12146 0.30854
vt 0.17105 0.22714
vt 0.15213 0.22733
vt 0.1703 0.19022
vt 0.15093 0.18937
vt 0.4891 0.37548
vt 0.51019 0.37569
vt 0.49285 0.41903
vt 0.51169 0.42011
vt 0.49459 0.46337
vt 0.51229 0.46551
vt 0.49654 0.50106
vt 0.18671 0.09926
vt 0.16891 0.09722
vt 0.15083 0.09353
vt 0.13094 0.08681
vt 0.10938 0.08048
vt 0.0896 0.07375
vt 0.43228 0.60045
vt 0.45238 0.58995
vt 0.47337 0.58063
vt 0.49 0.57464
vt 0.50408 0.57134
vt 0.51695 0.5696
vt 0.2386 0.12493
vt 0.22923 0.13088
vt 0.21992 0.12969
vt 0.45426 0.53173
vt 0.9569 0.18291
vt 0.95976 0.18192
vt 0.97294 0.19018
vt 0.44684 0.51926
vt 0.45372 0.50601
vt 0.46115 0.51848
vt 0.4472 0.47966
vt 0.45615 0.43848
vt 0.45928 0.48017
vt 0.44978 0.42459
vt 0.44593 0.43897
vt 0.45303 0.46456
vt 0.45231 0.45286
vt 0.45347 0.49525
vt 0.79859 0.59653
vt 0.79455 0.59419
vt 0.0281 0.32258
vt 0.03306 0.32154
vt 0.04125 0.33391
vt 0.61153 0.49271
vt 0.61241 0.47099
vt 0.61572 0.43128
vt 0.60843 0.43045
vt 0.60427 0.47129
vt 0.60268 0.49291
vt 0.60002 0.5292
vt 0.61063 0.53075
vt 0.61099 0.51184
vt 0.6014 0.51175
vt 0.61341 0.45089
vt 0.60618 0.45073
vt 0.44902 0.49055
vt 0.44897 0.4689
vt 0.44651 0.42906
vt 0.4538 0.4284
vt 0.45721 0.46922
vt 0.45779 0.49095
vt 0.4595 0.52733
vt 0.44886 0.52859
vt 0.449 0.50969
vt 0.4586 0.50986
vt 0.44836 0.44873
vt 0.45552 0.4487
vt 0.94383 0.90006
vt 0.9349 0.94727
vt 0.9264 0.94688
vt 0.93317 0.8985
vt 0.95156 0.90133
vt 0.94131 0.94786
vt 0.9516 0.85202
vt 0.94204 0.85027
vt 0.95897 0.85185
vt 0.95846 0.90317
vt 0.96615 0.85135
vt 0.97708 0.85239
vt 0.96855 0.90623
vt 0.93245 0.84742
vt 0.92248 0.89753
vt 0.91541 0.898
vt 0.92571 0.84522
vt 0.98805 0.85423
vt 0.97886 0.9088
vt 0.99469 0.85516
vt 0.9854 0.90933
vt 0.98361 0.78643
vt 0.97826 0.78682
vt 0.98682 0.78546
vt 0.95695 0.7815
vt 0.96166 0.78339
vt 0.95347 0.78027
vt 0.97309 0.78679
vt 0.96963 0.78644
vt 0.96616 0.78531
vt 0.9474 0.94997
vt 0.95631 0.95421
vt 0.96531 0.95806
vt 0.971 0.9595
vt 0.91759 0.94698
vt 0.91127 0.94744
vt 0.69667 0.64811
vt 0.66118 0.69515
vt 0.65772 0.69058
vt 0.69041 0.64289
vt 0.70546 0.65806
vt 0.6658 0.70499
vt 0.67011 0.71496
vt 0.7131 0.66793
vt 0.71704 0.67373
vt 0.67243 0.72007
vt 0.92437 0.47845
vt 0.91033 0.53625
vt 0.89969 0.53356
vt 0.9142 0.47431
vt 0.93006 0.48049
vt 0.91625 0.53699
vt 0.92303 0.53811
vt 0.93668 0.48141
vt 0.94751 0.48239
vt 0.9343 0.54104
vt 0.90333 0.47024
vt 0.88895 0.53076
vt 0.88273 0.52901
vt 0.8968 0.46854
vt 0.74208 0.69378
vt 0.69679 0.73376
vt 0.68699 0.72936
vt 0.73192 0.68697
vt 0.74866 0.69748
vt 0.70188 0.73607
vt 0.72234 0.6793
vt 0.6773 0.72395
vt 0.95813 0.48317
vt 0.94494 0.5439
vt 0.96401 0.48341
vt 0.95046 0.54553
vt 0.96829 0.43694
vt 0.95714 0.43609
vt 0.97491 0.43811
vt 0.91159 0.42729
vt 0.92122 0.43294
vt 0.90571 0.42317
vt 0.94562 0.4364
vt 0.9381 0.43763
vt 0.93118 0.43706
vt 0.9618 0.38031
vt 0.95796 0.38036
vt 0.96406 0.3797
vt 0.94254 0.37508
vt 0.94018 0.37414
vt 0.95413 0.37999
vt 0.95168 0.37937
vt 0.74946 0.62977
vt 0.74464 0.62199
vt 0.75304 0.63393
vt 0.75835 0.63682
vt 0.76689 0.64105
vt 0.74021 0.61386
vt 0.73754 0.60889
vt 0.77509 0.64513
vt 0.77991 0.64767
vt 0.78653 0.58171
vt 0.78915 0.58572
vt 0.78473 0.57929
vt 0.0358 0.20355
vt 0.03522 0.1555
vt 0.04164 0.15603
vt 0.04364 0.20364
vt 0.02504 0.20323
vt 0.02679 0.15441
vt 0.0351 0.25221
vt 0.04232 0.25366
vt 0.02539 0.25227
vt 0.05075 0.20303
vt 0.04931 0.25539
vt 0.06122 0.20177
vt 0.06026 0.25627
vt 0.01544 0.2534
vt 0.01435 0.20232
vt 0.00843 0.25439
vt 0.00747 0.20063
vt 0.07138 0.25637
vt 0.07182 0.20104
vt 0.07836 0.20164
vt 0.07808 0.2566
vt 0.05521 0.32236
vt 0.0582 0.32388
vt 0.05001 0.32105
vt 0.02446 0.32319
vt 0.04491 0.32017
vt 0.04145 0.31992
vt 0.03783 0.32043
vt 0.04801 0.15502
vt 0.05752 0.15239
vt 0.06705 0.15016
vt 0.07291 0.14974
vt 0.01813 0.15278
vt 0.01199 0.15122
vt 0.92316 0.07635
vt 0.92048 0.01749
vt 0.92985 0.01198
vt 0.93604 0.07312
vt 0.91505 0.07712
vt 0.91505 0.0193
vt 0.93905 0.0062
vt 0.94793 0.06929
vt 0.94385 0.00329
vt 0.95446 0.06673
vt 0.5946 0.73572
vt 0.5737 0.79141
vt 0.56839 0.7887
vt 0.58874 0.73421
vt 0.60533 0.73802
vt 0.58386 0.79523
vt 0.56216 0.78581
vt 0.58275 0.73124
vt 0.55119 0.7819
vt 0.57325 0.72596
vt 0.61661 0.74076
vt 0.59447 0.79889
vt 0.62297 0.74302
vt 0.60059 0.80095
vt 0.98644 0.06435
vt 0.97168 0.00576
vt 0.97719 0.00674
vt 0.99396 0.06501
vt 0.97421 0.06422
vt 0.96111 0.00386
vt 0.96197 0.06514
vt 0.95006 0.00285
vt 0.56402 0.72063
vt 0.54078 0.77827
vt 0.5353 0.77652
vt 0.55903 0.71753
vt 0.58162 0.67669
vt 0.57549 0.67395
vt 0.59132 0.68227
vt 0.63393 0.7006
vt 0.64111 0.7005
vt 0.62279 0.69985
vt 0.60067 0.689
vt 0.6062 0.69424
vt 0.61224 0.69766
vt 0.61883 0.63352
vt 0.61731 0.63174
vt 0.62198 0.63572
vt 0.6377 0.64003
vt 0.64018 0.64058
vt 0.6338 0.63929
vt 0.62535 0.63757
vt 0.62773 0.63843
vt 0.63008 0.63875
vt 0.95635 0.12132
vt 0.96165 0.11991
vt 0.94797 0.12502
vt 0.96767 0.12053
vt 0.9771 0.12187
vt 0.93972 0.12922
vt 0.93471 0.13181
vt 0.98617 0.12313
vt 0.99158 0.12377
vt 0.98264 0.17743
vt 0.98526 0.17855
vt 0.97808 0.17651
vt 0.96419 0.1801
vt 0.97343 0.17616
vt 0.97059 0.17664
vt 0.96829 0.17802
vt 0.97187 0.77264
vt 0.63235 0.62622
vt 0.22071 0.15863
vt 0.22941 0.15362
vt 0.23721 0.15522
vt 0.16773 0.12827
vt 0.17162 0.14314
vt 0.18549 0.15837
vt 0.16851 0.15888
vt 0.17779 0.15525
vt 0.22383 0.14336
vt 0.23481 0.14114
vt 0.18271 0.14466
vt 0.18645 0.13013
vt 0.17654 0.13255
vt 0.23303 0.1531
vt 0.23457 0.15288
vt 0.22421 0.15082
vt 0.22434 0.15331
vt 0.22505 0.13193
vt 0.22363 0.13229
vt 0.23505 0.13347
vt 0.2351 0.13165
vt 0.17247 0.15206
vt 0.1729 0.15657
vt 0.18146 0.15554
vt 0.1831 0.15567
vt 0.18261 0.13665
vt 0.18257 0.13319
vt 0.17239 0.13178
vt 0.17099 0.13152
vt 0.9623 0.20809
vt 0.95992 0.2077
vt 0.96259 0.19693
vt 0.95623 0.20783
vt 0.96916 0.20833
vt 0.96486 0.20851
vt 0.97626 0.20754
vt 0.97321 0.20796
vt 0.95229 0.20781
vt 0.94871 0.20714
vt 0.7662 0.97444
vt 0.76809 0.97762
vt 0.76046 0.98569
vt 0.7697 0.97941
vt 0.77143 0.98133
vt 0.77361 0.98506
vt 0.77549 0.98866
vt 0.77679 0.99145
vt 0.76155 0.96849
vt 0.76405 0.97114
vt 0.94439 0.3213
vt 0.94554 0.35496
vt 0.94244 0.35291
vt 0.93955 0.32181
vt 0.9496 0.32139
vt 0.94936 0.35682
vt 0.95312 0.35778
vt 0.95415 0.32166
vt 0.95728 0.32248
vt 0.95601 0.35779
vt 0.97132 0.3238
vt 0.96711 0.35347
vt 0.96332 0.35463
vt 0.96642 0.32387
vt 0.97538 0.32367
vt 0.96986 0.3546
vt 0.87175 0.92434
vt 0.89446 0.90482
vt 0.89689 0.90652
vt 0.87385 0.92782
vt 0.86912 0.92022
vt 0.8934 0.901
vt 0.89289 0.89646
vt 0.86593 0.9158
vt 0.86307 0.91321
vt 0.89212 0.89313
vt 0.89057 0.8907
vt 0.86069 0.91101
vt 0.85801 0.90733
vt 0.88773 0.88805
vt 0.961 0.3235
vt 0.95922 0.35664
vt 0.8841 0.88583
vt 0.85512 0.90299
vt 0.85294 0.89864
vt 0.88071 0.88432
vt 0.95467 0.32009
vt 0.95013 0.31934
vt 0.95737 0.32108
vt 0.96058 0.32153
vt 0.96549 0.32115
vt 0.96983 0.32059
vt 0.97227 0.32087
vt 0.9455 0.31898
vt 0.94253 0.3181
vt 0.86406 0.91647
vt 0.86642 0.92078
vt 0.86194 0.91403
vt 0.85965 0.9123
vt 0.85657 0.90888
vt 0.85377 0.90518
vt 0.85141 0.90316
vt 0.86776 0.92383
vt 0.86996 0.92685
vt 0.94872 0.28434
vt 0.94356 0.28314
vt 0.95352 0.28423
vt 0.95765 0.28375
vt 0.9611 0.2839
vt 0.9744 0.28557
vt 0.97011 0.28465
vt 0.97872 0.28644
vt 0.8414 0.94759
vt 0.84449 0.95073
vt 0.83829 0.94449
vt 0.83519 0.94053
vt 0.83276 0.93733
vt 0.83076 0.93452
vt 0.82892 0.93079
vt 0.9651 0.2842
vt 0.82641 0.9267
vt 0.8226 0.92301
vt 0.95829 0.28081
vt 0.95483 0.28098
vt 0.96118 0.28108
vt 0.9643 0.28147
vt 0.96831 0.2814
vt 0.97165 0.28114
vt 0.97407 0.28146
vt 0.95154 0.28118
vt 0.94866 0.28082
vt 0.83246 0.94134
vt 0.83458 0.94475
vt 0.83044 0.93893
vt 0.82864 0.93665
vt 0.82692 0.93366
vt 0.82529 0.93078
vt 0.82342 0.92856
vt 0.83618 0.94769
vt 0.83777 0.94955
vt 0.80154 0.95439
vt 0.80338 0.95695
vt 0.79931 0.95084
vt 0.79688 0.947
vt 0.79394 0.94297
vt 0.81035 0.9681
vt 0.80771 0.96427
vt 0.81297 0.97139
vt 0.94974 0.2485
vt 0.94477 0.24822
vt 0.95429 0.24846
vt 0.95848 0.24841
vt 0.96164 0.24857
vt 0.97478 0.24838
vt 0.97013 0.24824
vt 0.97896 0.2488
vt 0.80527 0.95979
vt 0.96504 0.24862
vt 0.95905 0.24621
vt 0.95552 0.24599
vt 0.96159 0.24649
vt 0.96427 0.24636
vt 0.96835 0.24559
vt 0.97105 0.24491
vt 0.97475 0.24476
vt 0.95202 0.24553
vt 0.94924 0.2447
vt 0.80295 0.96036
vt 0.80452 0.96421
vt 0.80161 0.95804
vt 0.8 0.95606
vt 0.7979 0.95321
vt 0.79562 0.95051
vt 0.79342 0.94863
vt 0.80541 0.96685
vt 0.80728 0.97004
vt 0.03544 0.64997
vt 0.03051 0.64251
vt 0.04578 0.63574
vt 0.04761 0.64529
vt 0.045 0.66436
vt 0.04026 0.65733
vt 0.04921 0.65351
vt 0.05081 0.6618
vt 0.05256 0.66991
vt 0.05427 0.67785
vt 0.04965 0.67114
vt 0.03366 0.66431
vt 0.02612 0.65945
vt 0.04742 0.6734
vt 0.04069 0.669
vt 0.01862 0.65402
vt 0.04625 0.67635
vt 0.03812 0.67481
vt 0.02134 0.67176
vt 0.01228 0.66954
vt 0.02999 0.67316
vt 0.02149 0.6849
vt 0.01228 0.68628
vt 0.0383 0.68115
vt 0.02993 0.6828
vt 0.04632 0.67952
vt 0.04749 0.68247
vt 0.03378 0.69165
vt 0.02672 0.69685
vt 0.04067 0.68708
vt 0.01876 0.70175
vt 0.04063 0.69844
vt 0.03605 0.70572
vt 0.04981 0.68463
vt 0.0453 0.69154
vt 0.0307 0.71385
vt 0.04795 0.71066
vt 0.04648 0.71986
vt 0.05122 0.69385
vt 0.04956 0.70234
vt 0.05275 0.68584
vt 0.06115 0.71082
vt 0.06294 0.71954
vt 0.05758 0.69389
vt 0.0592 0.70194
vt 0.05594 0.68586
vt 0.06807 0.69838
vt 0.07323 0.70542
vt 0.05884 0.68455
vt 0.06348 0.69137
vt 0.07815 0.7133
vt 0.07488 0.6915
vt 0.08233 0.69604
vt 0.0611 0.6823
vt 0.06791 0.68676
vt 0.08984 0.70156
vt 0.08717 0.68394
vt 0.09621 0.6862
vt 0.07023 0.68084
vt 0.07861 0.68255
vt 0.06226 0.67931
vt 0.07039 0.67446
vt 0.07855 0.67279
vt 0.06224 0.67613
vt 0.08689 0.671
vt 0.09615 0.66956
vt 0.07466 0.66383
vt 0.08186 0.6592
vt 0.06096 0.67321
vt 0.06769 0.66866
vt 0.08998 0.65391
vt 0.05869 0.67098
vt 0.06323 0.66407
vt 0.07282 0.64983
vt 0.07785 0.64242
vt 0.06775 0.6571
vt 0.06058 0.64486
vt 0.0627 0.63583
vt 0.05722 0.66179
vt 0.05883 0.65367
vt 0.05572 0.66983
vt 0.5306 0.46651
usemtl FireflyMaterial1
f 155/78/115 156/79/116 157/80/117
f 158/81/118 159/82/119 160/83/120
f 160/83/120 161/84/121 158/81/118
f 162/85/122 163/86/123 164/87/124
f 164/87/124 165/88/125 162/85/122
f 166/89/126 167/90/127 168/91/128
f 168/91/128 169/92/129 166/89/126
f 159/82/119 170/93/130 171/94/131
f 171/94/131 160/83/120 159/82/119
f 163/86/123 172/95/132 173/96/133
f 173/96/133 164/87/124 163/86/123
f 167/90/127 174/97/134 175/98/135
f 175/98/135 168/91/128 167/90/127
f 170/93/130 157/80/117 156/79/116
f 156/79/116 171/94/131 170/93/130
f 172/95/132 158/81/118 161/84/121
f 161/84/121 173/96/133 172/95/132
f 174/97/134 162/85/122 165/88/125
f 165/88/125 175/98/135 174/97/134
f 176/99/136 177/100/137 172/95/132
f 172/95/132 163/86/123 176/99/136
f 178/101/138 179/102/139 174/97/134
f 174/97/134 167/90/127 178/101/138
f 180/103/140 181/104/141 157/80/117
f 157/80/117 170/93/130 180/103/140
f 177/100/137 182/105/142 158/81/118
f 158/81/118 172/95/132 177/100/137
f 179/102/139 183/106/143 162/85/122
f 162/85/122 174/97/134 179/102/139
f 155/78/115 157/80/117 181/104/141
f 182/105/142 184/107/144 159/82/119
f 159/82/119 158/81/118 182/105/142
f 183/106/143 176/99/136 163/86/123
f 163/86/123 162/85/122 183/106/143
f 185/108/145 178/101/138 167/90/127
f 167/90/127 166/89/126 185/108/145
f 184/107/144 180/103/140 170/93/130
f 170/93/130 159/82/119 184/107/144
f 186/109/146 187/110/147 184/107/144
f 184/107/144 182/105/142 186/109/146
f 188/111/148 189/112/149 176/99/136
f 176/99/136 183/106/143 188/111/148
f 190/113/150 191/114/151 178/101/138
f 178/101/138 185/108/145 190/113/150
f 187/110/147 192/115/152 180/103/140
f 180/103/140 184/107/144 187/110/147
f 189/112/149 193/116/153 177/100/137
f 177/100/137 176/99/136 189/112/149
f 191/114/151 194/117/154 179/102/139
f 179/102/139 178/101/138 191/114/151
f 192/115/152 195/118/155 181/104/141
f 181/104/141 180/103/140 192/115/152
f 196/119/156 197/120/157 198/121/158
f 198/121/158 199/122/159 196/119/156
f 193/116/153 186/109/146 182/105/142
f 182/105/142 177/100/137 193/116/153
f 194/117/154 188/111/148 183/106/143
f 183/106/143 179/102/139 194/117/154
f 155/78/115 181/104/141 195/118/155
f 197/120/157 200/123/160 201/124/161
f 201/124/161 198/121/158 197/120/157
f 202/125/162 203/126/163 204/127/164
f 204/127/164 205/128/165 202/125/162
f 206/129/166 207/130/167 186/109/146
f 186/109/146 193/116/153 206/129/166
f 208/131/168 209/132/169 188/111/148
f 188/111/148 194/117/154 208/131/168
f 155/78/115 195/118/155 210/133/170
f 211/134/171 212/135/172 213/136/173
f 213/136/173 214/137/174 211/134/171
f 207/130/167 215/138/175 187/110/147
f 187/110/147 186/109/146 207/130/167
f 209/132/169 216/139/176 189/112/149
f 189/112/149 188/111/148 209/132/169
f 217/140/177 218/141/178 191/114/151
f 191/114/151 190/113/150 217/140/177
f 215/138/175 219/142/179 192/115/152
f 192/115/152 187/110/147 215/138/175
f 216/139/176 206/129/166 193/116/153
f 193/116/153 189/112/149 216/139/176
f 218/141/178 208/131/168 194/117/154
f 194/117/154 191/114/151 218/141/178
f 219/142/179 210/133/170 195/118/155
f 195/118/155 192/115/152 219/142/179
f 220/143/180 221/144/181 219/142/179
f 219/142/179 215/138/175 220/143/180
f 222/145/182 223/146/183 206/129/166
f 206/129/166 216/139/176 222/145/182
f 224/147/184 225/148/185 208/131/168
f 208/131/168 218/141/178 224/147/184
f 221/144/181 226/149/186 210/133/170
f 210/133/170 219/142/179 221/144/181
f 214/137/174 213/136/173 185/108/145
f 185/108/145 166/89/126 214/137/174
f 223/146/183 227/150/187 207/130/167
f 207/130/167 206/129/166 223/146/183
f 225/148/185 228/151/188 209/132/169
f 209/132/169 208/131/168 225/148/185
f 155/78/115 210/133/170 226/149/186
f 227/150/187 220/143/180 215/138/175
f 215/138/175 207/130/167 227/150/187
f 228/151/188 222/145/182 216/139/176
f 216/139/176 209/132/169 228/151/188
f 229/152/189 224/147/184 218/141/178
f 218/141/178 217/140/177 229/152/189
f 230/153/190 231/154/191 220/143/180
f 220/143/180 227/150/187 230/153/190
f 232/155/192 233/156/193 222/145/182
f 222/145/182 228/151/188 232/155/192
f 234/157/194 235/158/195 224/147/184
f 224/147/184 229/152/189 234/157/194
f 231/154/191 236/159/196 221/144/181
f 221/144/181 220/143/180 231/154/191
f 233/156/193 237/160/197 223/146/183
f 223/146/183 222/145/182 233/156/193
f 235/158/195 238/161/198 225/148/185
f 225/148/185 224/147/184 235/158/195
f 236/159/196 239/162/199 226/149/186
f 226/149/186 221/144/181 236/159/196
f 237/160/197 230/153/190 227/150/187
f 227/150/187 223/146/183 237/160/197
f 238/161/198 232/155/192 228/151/188
f 228/151/188 225/148/185 238/161/198
f 155/78/115 226/149/186 239/162/199
f 240/163/200 241/164/201 242/165/199
f 242/165/199 243/166/196 240/163/200
f 244/167/202 245/168/203 246/169/190
f 246/169/190 247/170/197 244/167/202
f 248/171/204 249/172/205 250/173/192
f 250/173/192 251/174/198 248/171/204
f 252/175/115 242/165/199 241/164/201
f 245/168/203 253/176/206 254/177/191
f 254/177/191 246/169/190 245/168/203
f 249/172/205 255/178/207 256/179/193
f 256/179/193 250/173/192 249/172/205
f 257/180/208 258/181/209 259/182/195
f 259/182/195 260/183/194 257/180/208
f 253/176/206 240/163/200 243/166/196
f 243/166/196 254/177/191 253/176/206
f 255/178/207 244/167/202 247/170/197
f 247/170/197 256/179/193 255/178/207
f 258/181/209 248/171/204 251/174/198
f 251/174/198 259/182/195 258/181/209
f 261/184/210 262/185/211 258/181/209
f 258/181/209 257/180/208 261/184/210
f 263/186/212 264/187/213 240/163/200
f 240/163/200 253/176/206 263/186/212
f 265/188/214 266/189/215 244/167/202
f 244/167/202 255/178/207 265/188/214
f 262/185/211 267/190/216 248/171/204
f 248/171/204 258/181/209 262/185/211
f 264/187/213 268/191/217 241/164/201
f 241/164/201 240/163/200 264/187/213
f 266/189/215 269/192/218 245/168/203
f 245/168/203 244/167/202 266/189/215
f 267/190/216 270/193/219 249/172/205
f 249/172/205 248/171/204 267/190/216
f 252/175/115 241/164/201 268/191/217
f 269/192/218 263/186/212 253/176/206
f 253/176/206 245/168/203 269/192/218
f 270/193/219 265/188/214 255/178/207
f 255/178/207 249/172/205 270/193/219
f 252/175/115 268/191/217 271/194/220
f 272/195/221 273/196/222 263/186/212
f 263/186/212 269/192/218 272/195/221
f 274/197/223 275/198/224 265/188/214
f 265/188/214 270/193/219 274/197/223
f 276/199/225 277/200/226 262/185/211
f 262/185/211 261/184/210 276/199/225
f 273/196/222 278/201/227 264/187/213
f 264/187/213 263/186/212 273/196/222
f 275/198/224 279/202/228 266/189/215
f 266/189/215 265/188/214 275/198/224
f 277/200/226 280/203/229 267/190/216
f 267/190/216 262/185/211 277/200/226
f 278/201/227 271/194/220 268/191/217
f 268/191/217 264/187/213 278/201/227
f 279/202/228 272/195/221 269/192/218
f 269/192/218 266/189/215 279/202/228
f 280/203/229 274/197/223 270/193/219
f 270/193/219 267/190/216 280/203/229
f 281/204/230 282/205/231 280/203/229
f 280/203/229 277/200/226 281/204/230
f 283/206/232 284/207/233 271/194/220
f 271/194/220 278/201/227 283/206/232
f 285/208/234 286/209/235 272/195/221
f 272/195/221 279/202/228 285/208/234
f 282/205/231 287/210/236 274/197/223
f 274/197/223 280/203/229 282/205/231
f 252/175/115 271/194/220 284/207/233
f 288/211/237 289/212/238 290/213/239
f 286/209/235 291/214/240 273/196/222
f 273/196/222 272/195/221 286/209/235
f 287/210/236 292/215/241 275/198/224
f 275/198/224 274/197/223 287/210/236
f 293/216/242 281/204/230 277/200/226
f 277/200/226 276/199/225 293/216/242
f 291/214/240 283/206/232 278/201/227
f 278/201/227 273/196/222 291/214/240
f 292/215/241 285/208/234 279/202/228
f 279/202/228 275/198/224 292/215/241
f 294/217/243 295/218/244 281/204/230
f 281/204/230 293/216/242 294/217/243
f 296/219/245 297/220/246 283/206/232
f 283/206/232 291/214/240 296/219/245
f 298/221/247 299/222/248 285/208/234
f 285/208/234 292/215/241 298/221/247
f 295/218/244 300/223/249 282/205/231
f 282/205/231 281/204/230 295/218/244
f 297/220/246 301/224/250 284/207/233
f 284/207/233 283/206/232 297/220/246
f 302/225/251 303/226/252 304/227/253
f 299/222/248 305/228/254 286/209/235
f 286/209/235 285/208/234 299/222/248
f 300/223/249 306/229/255 287/210/236
f 287/210/236 282/205/231 300/223/249
f 252/175/115 284/207/233 301/224/250
f 307/230/256 308/231/257 309/232/258
f 305/228/254 296/219/245 291/214/240
f 291/214/240 286/209/235 305/228/254
f 306/229/255 298/221/247 292/215/241
f 292/215/241 287/210/236 306/229/255
f 310/233/259 311/234/260 306/229/255
f 306/229/255 300/223/249 310/233/259
f 252/175/115 301/224/250 312/235/261
f 313/236/262 314/237/263 315/238/264
f 315/238/264 316/239/265 313/236/262
f 317/240/266 318/241/267 296/219/245
f 296/219/245 305/228/254 317/240/266
f 311/234/260 319/242/268 298/221/247
f 298/221/247 306/229/255 311/234/260
f 320/243/269 321/244/270 295/218/244
f 295/218/244 294/217/243 320/243/269
f 318/241/267 322/245/271 297/220/246
f 297/220/246 296/219/245 318/241/267
f 319/242/268 323/246/272 299/222/248
f 299/222/248 298/221/247 319/242/268
f 321/244/270 310/233/259 300/223/249
f 300/223/249 295/218/244 321/244/270
f 322/245/271 312/235/261 301/224/250
f 301/224/250 297/220/246 322/245/271
f 316/239/265 315/238/264 276/199/225
f 276/199/225 261/184/210 316/239/265
f 323/246/272 317/240/266 305/228/254
f 305/228/254 299/222/248 323/246/272
f 324/247/273 325/248/274 326/249/275
f 326/249/275 327/250/276 324/247/273
f 328/251/277 329/252/278 330/253/279
f 330/253/279 331/254/280 328/251/277
f 332/255/281 333/256/282 334/257/283
f 334/257/283 335/258/284 332/255/281
f 331/254/280 330/253/279 336/259/285
f 336/259/285 337/260/286 331/254/280
f 327/250/276 326/249/275 338/261/287
f 338/261/287 339/262/288 327/250/276
f 340/263/289 341/264/290 342/265/291
f 342/265/291 343/266/292 340/263/289
f 344/267/293 345/268/294 325/248/274
f 325/248/274 324/247/273 344/267/293
f 346/269/295 347/270/296 348/271/297
f 348/271/297 349/272/298 346/269/295
f 350/273/299 351/274/300 290/213/239
f 290/213/239 289/212/238 350/273/299
f 352/275/301 353/276/302 354/277/294
f 354/277/294 355/278/293 352/275/301
f 349/272/298 348/271/297 356/279/303
f 356/279/303 357/280/304 349/272/298
f 358/281/305 359/282/306 360/283/307
f 360/283/307 361/284/308 358/281/305
f 362/285/309 363/286/310 364/287/311
f 364/287/311 365/288/312 362/285/309
f 357/280/304 366/289/313 349/272/298
f 349/272/298 366/289/313 346/269/295
f 339/262/288 338/261/287 347/270/296
f 347/270/296 346/269/295 339/262/288
f 346/269/295 366/289/313 339/262/288
f 367/290/314 340/263/289 343/266/292
f 343/266/292 368/291/315 367/290/314
f 339/262/288 366/289/313 327/250/276
f 341/264/290 369/292/316 370/293/317
f 370/293/317 342/265/291 341/264/290
f 327/250/276 366/289/313 324/247/273
f 369/292/316 371/294/318 372/295/319
f 372/295/319 370/293/317 369/292/316
f 373/296/318 374/297/320 375/298/321
f 375/298/321 376/299/319 373/296/318
f 324/247/273 366/289/313 344/267/293
f 355/278/293 377/300/313 352/275/301
f 361/284/308 360/283/307 353/276/302
f 353/276/302 352/275/301 361/284/308
f 352/275/301 377/300/313 361/284/308
f 374/297/320 350/273/299 289/212/238
f 289/212/238 375/298/321 374/297/320
f 337/260/286 336/259/285 359/282/306
f 359/282/306 358/281/305 337/260/286
f 361/284/308 377/300/313 358/281/305
f 358/281/305 377/300/313 337/260/286
f 351/274/300 332/255/281 335/258/284
f 335/258/284 290/213/239 351/274/300
f 337/260/286 377/300/313 331/254/280
f 333/256/282 378/301/322 205/128/165
f 205/128/165 334/257/283 333/256/282
f 331/254/280 377/300/313 328/251/277
f 379/302/323 380/303/324 257/180/208
f 257/180/208 260/183/194 379/302/323
f 381/304/325 382/305/326 380/303/324
f 380/303/324 379/302/323 381/304/325
f 383/306/327 384/307/328 212/135/172
f 212/135/172 211/134/171 383/306/327
f 385/308/329 386/309/330 384/307/328
f 384/307/328 383/306/327 385/308/329
f 364/287/311 368/291/315 386/309/330
f 386/309/330 385/308/329 364/287/311
f 380/303/324 316/239/265 261/184/210
f 261/184/210 257/180/208 380/303/324
f 382/305/326 313/236/262 316/239/265
f 316/239/265 380/303/324 382/305/326
f 303/226/252 387/310/331 388/311/332
f 389/312/333 214/137/174 166/89/126
f 166/89/126 169/92/129 389/312/333
f 390/313/334 211/134/171 214/137/174
f 214/137/174 389/312/333 390/313/334
f 381/304/325 391/314/335 392/315/336
f 391/314/335 393/316/337 394/317/338
f 393/316/337 376/299/319 395/318/339
f 396/319/340 397/320/323 234/157/194
f 234/157/194 229/152/189 396/319/340
f 398/321/341 399/322/325 397/320/323
f 397/320/323 396/319/340 398/321/341
f 400/323/342 383/306/327 211/134/171
f 211/134/171 390/313/334 400/323/342
f 401/324/343 385/308/329 383/306/327
f 383/306/327 400/323/342 401/324/343
f 365/288/312 364/287/311 385/308/329
f 385/308/329 401/324/343 365/288/312
f 213/136/173 402/325/344 190/113/150
f 190/113/150 185/108/145 213/136/173
f 212/135/172 403/326/345 402/325/344
f 402/325/344 213/136/173 212/135/172
f 404/327/346 405/328/335 399/322/325
f 399/322/325 398/321/341 404/327/346
f 406/329/347 407/330/337 405/328/335
f 405/328/335 404/327/346 406/329/347
f 370/293/317 372/295/319 407/330/337
f 407/330/337 406/329/347 370/293/317
f 402/325/344 408/331/348 217/140/177
f 217/140/177 190/113/150 402/325/344
f 403/326/345 409/332/349 408/331/348
f 408/331/348 402/325/344 403/326/345
f 384/307/328 410/333/350 403/326/345
f 403/326/345 212/135/172 384/307/328
f 386/309/330 411/334/351 410/333/350
f 410/333/350 384/307/328 386/309/330
f 368/291/315 343/266/292 411/334/351
f 411/334/351 386/309/330 368/291/315
f 412/335/352 413/336/353 294/217/243
f 294/217/243 293/216/242 412/335/352
f 414/337/354 415/338/355 413/336/353
f 413/336/353 412/335/352 414/337/354
f 314/237/263 307/230/256 309/232/258
f 309/232/258 302/225/251 304/227/253
f 304/227/253 288/211/237 290/213/239
f 315/238/264 412/335/352 293/216/242
f 293/216/242 276/199/225 315/238/264
f 314/237/263 414/337/354 412/335/352
f 412/335/352 315/238/264 314/237/263
f 416/339/356 417/340/357 415/338/355
f 415/338/355 414/337/354 416/339/356
f 418/341/358 419/342/359 417/340/357
f 417/340/357 416/339/356 418/341/358
f 335/258/284 334/257/283 419/342/359
f 419/342/359 418/341/358 335/258/284
f 413/336/353 420/343/360 320/243/269
f 320/243/269 294/217/243 413/336/353
f 415/338/355 421/344/361 420/343/360
f 420/343/360 413/336/353 415/338/355
f 309/232/258 416/339/356 414/337/354
f 414/337/354 314/237/263 309/232/258
f 304/227/253 418/341/358 416/339/356
f 416/339/356 309/232/258 304/227/253
f 290/213/239 335/258/284 418/341/358
f 418/341/358 304/227/253 290/213/239
f 408/331/348 396/319/340 229/152/189
f 229/152/189 217/140/177 408/331/348
f 409/332/349 398/321/341 396/319/340
f 396/319/340 408/331/348 409/332/349
f 410/333/350 422/345/362 409/332/349
f 409/332/349 403/326/345 410/333/350
f 411/334/351 423/346/363 422/345/362
f 422/345/362 410/333/350 411/334/351
f 343/266/292 342/265/291 423/346/363
f 423/346/363 411/334/351 343/266/292
f 424/347/364 425/348/365 367/290/314
f 367/290/314 363/286/310 424/347/364
f 348/271/297 347/270/296 425/348/365
f 425/348/365 424/347/364 348/271/297
f 426/349/366 425/348/365 347/270/296
f 347/270/296 338/261/287 426/349/366
f 340/263/289 367/290/314 425/348/365
f 425/348/365 426/349/366 340/263/289
f 426/349/366 427/350/367 341/264/290
f 341/264/290 340/263/289 426/349/366
f 338/261/287 326/249/275 427/350/367
f 427/350/367 426/349/366 338/261/287
f 427/350/367 428/351/368 369/292/316
f 369/292/316 341/264/290 427/350/367
f 326/249/275 325/248/274 428/351/368
f 428/351/368 427/350/367 326/249/275
f 428/351/368 429/352/369 371/294/318
f 371/294/318 369/292/316 428/351/368
f 325/248/274 345/268/294 429/352/369
f 429/352/369 428/351/368 325/248/274
f 430/353/369 431/354/370 374/297/320
f 374/297/320 373/296/318 430/353/369
f 354/277/294 353/276/302 431/354/370
f 431/354/370 430/353/369 354/277/294
f 432/355/371 431/354/370 353/276/302
f 353/276/302 360/283/307 432/355/371
f 350/273/299 374/297/320 431/354/370
f 431/354/370 432/355/371 350/273/299
f 432/355/371 433/356/372 351/274/300
f 351/274/300 350/273/299 432/355/371
f 360/283/307 359/282/306 433/356/372
f 433/356/372 432/355/371 360/283/307
f 433/356/372 434/357/373 332/255/281
f 332/255/281 351/274/300 433/356/372
f 359/282/306 336/259/285 434/357/373
f 434/357/373 433/356/372 359/282/306
f 435/358/374 434/357/373 336/259/285
f 336/259/285 330/253/279 435/358/374
f 333/256/282 332/255/281 434/357/373
f 434/357/373 435/358/374 333/256/282
f 435/358/374 436/359/375 378/301/322
f 378/301/322 333/256/282 435/358/374
f 330/253/279 329/252/278 436/359/375
f 436/359/375 435/358/374 330/253/279
f 437/360/376 424/347/364 363/286/310
f 363/286/310 362/285/309 437/360/376
f 356/279/303 348/271/297 424/347/364
f 424/347/364 437/360/376 356/279/303
f 375/298/321 289/212/238 438/361/377
f 439/362/378 440/363/379 441/364/380
f 395/318/339 375/298/321 442/365/381
f 303/226/252 388/311/332 443/366/382
f 288/211/237 303/226/252 444/367/383
f 445/368/384 382/305/326 392/315/336
f 446/369/385 303/226/252 302/225/251
f 447/370/386 308/231/257 307/230/256
f 382/305/326 448/371/387 313/236/262
f 449/372/388 450/373/389 308/231/257
f 308/231/257 451/374/390 449/372/388
f 452/375/391 449/372/388 394/317/338
f 453/376/392 454/377/393 455/378/394
f 456/379/395 457/380/396 455/378/394
f 155/78/115 458/381/397 156/79/116
f 459/382/398 161/84/121 160/83/120
f 160/83/120 460/383/399 459/382/398
f 461/384/400 165/88/125 164/87/124
f 164/87/124 462/385/401 461/384/400
f 463/386/402 169/92/129 168/91/128
f 168/91/128 464/387/403 463/386/402
f 460/383/399 160/83/120 171/94/131
f 171/94/131 465/388/404 460/383/399
f 462/385/401 164/87/124 173/96/133
f 173/96/133 466/389/405 462/385/401
f 464/387/403 168/91/128 175/98/135
f 175/98/135 467/390/406 464/387/403
f 465/388/404 171/94/131 156/79/116
f 156/79/116 458/381/397 465/388/404
f 466/389/405 173/96/133 161/84/121
f 161/84/121 459/382/398 466/389/405
f 467/390/406 175/98/135 165/88/125
f 165/88/125 461/384/400 467/390/406
f 468/391/407 462/385/401 466/389/405
f 466/389/405 469/392/408 468/391/407
f 470/393/409 464/387/403 467/390/406
f 467/390/406 471/394/410 470/393/409
f 472/395/411 465/388/404 458/381/397
f 458/381/397 473/396/412 472/395/411
f 469/392/408 466/389/405 459/382/398
f 459/382/398 474/397/413 469/392/408
f 471/394/410 467/390/406 461/384/400
f 461/384/400 475/398/414 471/394/410
f 155/78/115 473/396/412 458/381/397
f 474/397/413 459/382/398 460/383/399
f 460/383/399 476/399/415 474/397/413
f 475/398/414 461/384/400 462/385/401
f 462/385/401 468/391/407 475/398/414
f 477/400/416 463/386/402 464/387/403
f 464/387/403 470/393/409 477/400/416
f 476/399/415 460/383/399 465/388/404
f 465/388/404 472/395/411 476/399/415
f 478/401/417 474/397/413 476/399/415
f 476/399/415 479/402/418 478/401/417
f 480/403/419 475/398/414 468/391/407
f 468/391/407 481/404/420 480/403/419
f 482/405/421 477/400/416 470/393/409
f 470/393/409 483/406/422 482/405/421
f 479/402/418 476/399/415 472/395/411
f 472/395/411 484/407/423 479/402/418
f 481/404/420 468/391/407 469/392/408
f 469/392/408 485/408/424 481/404/420
f 483/406/422 470/393/409 471/394/410
f 471/394/410 486/409/425 483/406/422
f 484/407/423 472/395/411 473/396/412
f 473/396/412 487/410/426 484/407/423
f 342/265/291 370/293/317 406/329/347
f 406/329/347 423/346/363 342/265/291
f 485/408/424 469/392/408 474/397/413
f 474/397/413 478/401/417 485/408/424
f 486/409/425 471/394/410 475/398/414
f 475/398/414 480/403/419 486/409/425
f 155/78/115 487/410/426 473/396/412
f 423/346/363 406/329/347 404/327/346
f 404/327/346 422/345/362 423/346/363
f 422/345/362 404/327/346 398/321/341
f 398/321/341 409/332/349 422/345/362
f 488/411/427 485/408/424 478/401/417
f 478/401/417 489/412/428 488/411/427
f 490/413/429 486/409/425 480/403/419
f 480/403/419 491/414/430 490/413/429
f 155/78/115 492/415/431 487/410/426
f 493/416/432 494/417/433 495/418/434
f 495/418/434 496/419/435 493/416/432
f 489/412/428 478/401/417 479/402/418
f 479/402/418 497/420/436 489/412/428
f 491/414/430 480/403/419 481/404/420
f 481/404/420 498/421/437 491/414/430
f 499/422/438 482/405/421 483/406/422
f 483/406/422 500/423/439 499/422/438
f 497/420/436 479/402/418 484/407/423
f 484/407/423 501/424/440 497/420/436
f 498/421/437 481/404/420 485/408/424
f 485/408/424 488/411/427 498/421/437
f 500/423/439 483/406/422 486/409/425
f 486/409/425 490/413/429 500/423/439
f 501/424/440 484/407/423 487/410/426
f 487/410/426 492/415/431 501/424/440
f 502/425/441 497/420/436 501/424/440
f 501/424/440 503/426/442 502/425/441
f 504/427/443 498/421/437 488/411/427
f 488/411/427 505/428/444 504/427/443
f 506/429/445 500/423/439 490/413/429
f 490/413/429 507/430/446 506/429/445
f 503/426/442 501/424/440 492/415/431
f 492/415/431 508/431/447 503/426/442
f 494/417/433 463/386/402 477/400/416
f 477/400/416 495/418/434 494/417/433
f 505/428/444 488/411/427 489/412/428
f 489/412/428 509/432/448 505/428/444
f 507/430/446 490/413/429 491/414/430
f 491/414/430 510/433/449 507/430/446
f 155/78/115 508/431/447 492/415/431
f 509/432/448 489/412/428 497/420/436
f 497/420/436 502/425/441 509/432/448
f 510/433/449 491/414/430 498/421/437
f 498/421/437 504/427/443 510/433/449
f 511/434/450 499/422/438 500/423/439
f 500/423/439 506/429/445 511/434/450
f 512/435/451 509/432/448 502/425/441
f 502/425/441 513/436/452 512/435/451
f 514/437/453 510/433/449 504/427/443
f 504/427/443 515/438/454 514/437/453
f 516/439/455 511/434/450 506/429/445
f 506/429/445 517/440/456 516/439/455
f 513/436/452 502/425/441 503/426/442
f 503/426/442 518/441/457 513/436/452
f 515/438/454 504/427/443 505/428/444
f 505/428/444 519/442/458 515/438/454
f 517/440/456 506/429/445 507/430/446
f 507/430/446 520/443/459 517/440/456
f 518/441/457 503/426/442 508/431/447
f 508/431/447 521/444/460 518/441/457
f 519/442/458 505/428/444 509/432/448
f 509/432/448 512/435/451 519/442/458
f 520/443/459 507/430/446 510/433/449
f 510/433/449 514/437/453 520/443/459
f 155/78/115 521/444/460 508/431/447
f 522/445/461 523/446/457 524/447/460
f 524/447/460 525/448/462 522/445/461
f 526/449/463 527/450/458 528/451/451
f 528/451/451 529/452/464 526/449/463
f 530/453/465 531/454/459 532/455/453
f 532/455/453 533/456/466 530/453/465
f 252/175/115 525/448/462 524/447/460
f 529/452/464 528/451/451 534/457/452
f 534/457/452 535/458/467 529/452/464
f 533/456/466 532/455/453 536/459/454
f 536/459/454 537/460/468 533/456/466
f 538/461/469 539/462/455 540/463/456
f 540/463/456 541/464/470 538/461/469
f 535/458/467 534/457/452 523/446/457
f 523/446/457 522/445/461 535/458/467
f 537/460/468 536/459/454 527/450/458
f 527/450/458 526/449/463 537/460/468
f 541/464/470 540/463/456 531/454/459
f 531/454/459 530/453/465 541/464/470
f 542/465/471 538/461/469 541/464/470
f 541/464/470 543/466/472 542/465/471
f 544/467/473 535/458/467 522/445/461
f 522/445/461 545/468/474 544/467/473
f 546/469/475 537/460/468 526/449/463
f 526/449/463 547/470/476 546/469/475
f 543/466/472 541/464/470 530/453/465
f 530/453/465 548/471/477 543/466/472
f 545/468/474 522/445/461 525/448/462
f 525/448/462 549/472/478 545/468/474
f 547/470/476 526/449/463 529/452/464
f 529/452/464 550/473/479 547/470/476
f 548/471/477 530/453/465 533/456/466
f 533/456/466 551/474/480 548/471/477
f 252/175/115 549/472/478 525/448/462
f 550/473/479 529/452/464 535/458/467
f 535/458/467 544/467/473 550/473/479
f 551/474/480 533/456/466 537/460/468
f 537/460/468 546/469/475 551/474/480
f 252/175/115 552/475/481 549/472/478
f 553/476/482 550/473/479 544/467/473
f 544/467/473 554/477/483 553/476/482
f 555/478/484 551/474/480 546/469/475
f 546/469/475 556/479/485 555/478/484
f 557/480/486 542/465/471 543/466/472
f 543/466/472 558/481/487 557/480/486
f 554/477/483 544/467/473 545/468/474
f 545/468/474 559/482/488 554/477/483
f 556/479/485 546/469/475 547/470/476
f 547/470/476 560/483/489 556/479/485
f 558/481/487 543/466/472 548/471/477
f 548/471/477 561/484/490 558/481/487
f 559/482/488 545/468/474 549/472/478
f 549/472/478 552/475/481 559/482/488
f 560/483/489 547/470/476 550/473/479
f 550/473/479 553/476/482 560/483/489
f 561/484/490 548/471/477 551/474/480
f 551/474/480 555/478/484 561/484/490
f 562/485/491 558/481/487 561/484/490
f 561/484/490 563/486/492 562/485/491
f 564/487/493 559/482/488 552/475/481
f 552/475/481 565/488/494 564/487/493
f 566/489/495 560/483/489 553/476/482
f 553/476/482 567/490/496 566/489/495
f 563/486/492 561/484/490 555/478/484
f 555/478/484 568/491/497 563/486/492
f 252/175/115 565/488/494 552/475/481
f 569/492/498 570/493/499 571/494/500
f 567/490/496 553/476/482 554/477/483
f 554/477/483 572/495/501 567/490/496
f 568/491/497 555/478/484 556/479/485
f 556/479/485 573/496/502 568/491/497
f 574/497/503 557/480/486 558/481/487
f 558/481/487 562/485/491 574/497/503
f 572/495/501 554/477/483 559/482/488
f 559/482/488 564/487/493 572/495/501
f 573/496/502 556/479/485 560/483/489
f 560/483/489 566/489/495 573/496/502
f 575/498/504 574/497/503 562/485/491
f 562/485/491 576/499/505 575/498/504
f 577/500/506 572/495/501 564/487/493
f 564/487/493 578/501/507 577/500/506
f 579/502/508 573/496/502 566/489/495
f 566/489/495 580/503/509 579/502/508
f 576/499/505 562/485/491 563/486/492
f 563/486/492 581/504/510 576/499/505
f 578/501/507 564/487/493 565/488/494
f 565/488/494 582/505/511 578/501/507
f 583/506/512 584/507/513 585/508/514
f 580/503/509 566/489/495 567/490/496
f 567/490/496 586/509/515 580/503/509
f 581/504/510 563/486/492 568/491/497
f 568/491/497 587/510/516 581/504/510
f 252/175/115 582/505/511 565/488/494
f 588/511/517 589/512/518 590/513/519
f 586/509/515 567/490/496 572/495/501
f 572/495/501 577/500/506 586/509/515
f 587/510/516 568/491/497 573/496/502
f 573/496/502 579/502/508 587/510/516
f 310/233/259 581/504/510 587/510/516
f 587/510/516 311/234/260 310/233/259
f 252/175/115 312/235/261 582/505/511
f 591/514/520 592/515/521 593/516/522
f 593/516/522 594/517/523 591/514/520
f 317/240/266 586/509/515 577/500/506
f 577/500/506 318/241/267 317/240/266
f 311/234/260 587/510/516 579/502/508
f 579/502/508 319/242/268 311/234/260
f 320/243/269 575/498/504 576/499/505
f 576/499/505 321/244/270 320/243/269
f 318/241/267 577/500/506 578/501/507
f 578/501/507 322/245/271 318/241/267
f 319/242/268 579/502/508 580/503/509
f 580/503/509 323/246/272 319/242/268
f 321/244/270 576/499/505 581/504/510
f 581/504/510 310/233/259 321/244/270
f 322/245/271 578/501/507 582/505/511
f 582/505/511 312/235/261 322/245/271
f 592/515/521 542/465/471 557/480/486
f 557/480/486 593/516/522 592/515/521
f 323/246/272 580/503/509 586/509/515
f 586/509/515 317/240/266 323/246/272
f 595/518/524 596/519/525 597/520/526
f 597/520/526 598/521/527 595/518/524
f 328/251/277 599/522/528 600/523/529
f 600/523/529 329/252/278 328/251/277
f 601/524/530 602/525/531 202/125/162
f 202/125/162 603/526/532 601/524/530
f 599/522/528 604/527/533 605/528/534
f 605/528/534 600/523/529 599/522/528
f 596/519/525 606/529/535 607/530/536
f 607/530/536 597/520/526 596/519/525
f 608/531/537 609/532/538 610/533/539
f 610/533/539 611/534/540 608/531/537
f 612/535/541 595/518/524 598/521/527
f 598/521/527 613/536/542 612/535/541
f 614/537/543 615/538/544 616/539/545
f 616/539/545 617/540/546 614/537/543
f 618/541/547 570/493/499 569/492/498
f 569/492/498 619/542/548 618/541/547
f 620/543/549 621/544/541 622/545/542
f 622/545/542 623/546/550 620/543/549
f 615/538/544 357/280/304 356/279/303
f 356/279/303 616/539/545 615/538/544
f 624/547/551 625/548/552 626/549/553
f 626/549/553 627/550/554 624/547/551
f 362/285/309 365/288/312 628/551/555
f 628/551/555 629/552/556 362/285/309
f 357/280/304 615/538/544 366/289/313
f 615/538/544 614/537/543 366/289/313
f 606/529/535 614/537/543 617/540/546
f 617/540/546 607/530/536 606/529/535
f 614/537/543 606/529/535 366/289/313
f 630/553/557 631/554/558 609/532/538
f 609/532/538 608/531/537 630/553/557
f 606/529/535 596/519/525 366/289/313
f 611/534/540 610/533/539 632/555/559
f 632/555/559 633/556/560 611/534/540
f 596/519/525 595/518/524 366/289/313
f 633/556/560 632/555/559 634/557/561
f 634/557/561 635/558/562 633/556/560
f 636/559/562 637/560/561 638/561/563
f 638/561/563 639/562/564 636/559/562
f 595/518/524 612/535/541 366/289/313
f 621/544/541 620/543/549 377/300/313
f 625/548/552 620/543/549 623/546/550
f 623/546/550 626/549/553 625/548/552
f 620/543/549 625/548/552 377/300/313
f 639/562/564 638/561/563 570/493/499
f 570/493/499 618/541/547 639/562/564
f 604/527/533 624/547/551 627/550/554
f 627/550/554 605/528/534 604/527/533
f 625/548/552 624/547/551 377/300/313
f 624/547/551 604/527/533 377/300/313
f 619/542/548 569/492/498 602/525/531
f 602/525/531 601/524/530 619/542/548
f 604/527/533 599/522/528 377/300/313
f 603/526/532 202/125/162 205/128/165
f 205/128/165 378/301/322 603/526/532
f 599/522/528 328/251/277 377/300/313
f 640/563/565 539/462/455 538/461/469
f 538/461/469 641/564/566 640/563/565
f 642/565/567 640/563/565 641/564/566
f 641/564/566 643/566/568 642/565/567
f 644/567/569 645/568/570 646/569/571
f 647/570/572 648/571/573 649/572/574
f 650/573/575 638/561/563 637/560/561
f 641/564/566 538/461/469 542/465/471
f 542/465/471 592/515/521 641/564/566
f 643/566/568 641/564/566 592/515/521
f 592/515/521 591/514/520 643/566/568
f 389/312/333 169/92/129 463/386/402
f 463/386/402 494/417/433 389/312/333
f 390/313/334 389/312/333 494/417/433
f 494/417/433 493/416/432 390/313/334
f 644/567/569 646/569/571 642/565/567
f 647/570/572 649/572/574 646/569/571
f 650/573/575 637/560/561 649/572/574
f 651/574/576 511/434/450 516/439/455
f 516/439/455 652/575/565 651/574/576
f 201/124/161 651/574/576 652/575/565
f 652/575/565 653/576/567 201/124/161
f 400/323/342 390/313/334 493/416/432
f 493/416/432 654/577/577 400/323/342
f 401/324/343 400/323/342 654/577/577
f 654/577/577 655/578/578 401/324/343
f 365/288/312 401/324/343 655/578/578
f 655/578/578 628/551/555 365/288/312
f 495/418/434 477/400/416 482/405/421
f 482/405/421 656/579/579 495/418/434
f 496/419/435 495/418/434 656/579/579
f 656/579/579 657/580/580 496/419/435
f 198/121/158 201/124/161 653/576/567
f 653/576/567 658/581/571 198/121/158
f 199/122/159 198/121/158 658/581/571
f 658/581/571 659/582/574 199/122/159
f 632/555/559 199/122/159 659/582/574
f 659/582/574 634/557/561 632/555/559
f 656/579/579 482/405/421 499/422/438
f 499/422/438 660/583/581 656/579/579
f 657/580/580 656/579/579 660/583/581
f 660/583/581 200/123/160 657/580/580
f 661/584/582 496/419/435 657/580/580
f 657/580/580 662/585/583 661/584/582
f 663/586/584 661/584/582 662/585/583
f 662/585/583 664/587/585 663/586/584
f 631/554/558 663/586/584 664/587/585
f 664/587/585 609/532/538 631/554/558
f 665/588/586 574/497/503 575/498/504
f 575/498/504 666/589/587 665/588/586
f 667/590/588 665/588/586 666/589/587
f 666/589/587 668/591/589 667/590/588
f 594/517/523 588/511/517 590/513/519
f 588/511/517 583/506/512 585/508/514
f 583/506/512 569/492/498 571/494/500
f 593/516/522 557/480/486 574/497/503
f 574/497/503 665/588/586 593/516/522
f 594/517/523 593/516/522 665/588/586
f 665/588/586 667/590/588 594/517/523
f 669/592/590 667/590/588 668/591/589
f 668/591/589 670/593/591 669/592/590
f 671/594/592 669/592/590 670/593/591
f 670/593/591 203/126/163 671/594/592
f 602/525/531 671/594/592 203/126/163
f 203/126/163 202/125/162 602/525/531
f 666/589/587 575/498/504 320/243/269
f 320/243/269 420/343/360 666/589/587
f 668/591/589 666/589/587 420/343/360
f 420/343/360 421/344/361 668/591/589
f 588/511/517 594/517/523 667/590/588
f 667/590/588 669/592/590 588/511/517
f 583/506/512 588/511/517 669/592/590
f 669/592/590 671/594/592 583/506/512
f 569/492/498 583/506/512 671/594/592
f 671/594/592 602/525/531 569/492/498
f 660/583/581 499/422/438 511/434/450
f 511/434/450 651/574/576 660/583/581
f 200/123/160 660/583/581 651/574/576
f 651/574/576 201/124/161 200/123/160
f 662/585/583 657/580/580 200/123/160
f 200/123/160 197/120/157 662/585/583
f 664/587/585 662/585/583 197/120/157
f 197/120/157 196/119/156 664/587/585
f 609/532/538 664/587/585 196/119/156
f 196/119/156 610/533/539 609/532/538
f 672/595/593 629/552/556 630/553/557
f 630/553/557 673/596/594 672/595/593
f 616/539/545 672/595/593 673/596/594
f 673/596/594 617/540/546 616/539/545
f 674/597/595 607/530/536 617/540/546
f 617/540/546 673/596/594 674/597/595
f 608/531/537 674/597/595 673/596/594
f 673/596/594 630/553/557 608/531/537
f 674/597/595 608/531/537 611/534/540
f 611/534/540 675/598/596 674/597/595
f 607/530/536 674/597/595 675/598/596
f 675/598/596 597/520/526 607/530/536
f 675/598/596 611/534/540 633/556/560
f 633/556/560 676/599/597 675/598/596
f 597/520/526 675/598/596 676/599/597
f 676/599/597 598/521/527 597/520/526
f 676/599/597 633/556/560 635/558/562
f 635/558/562 677/600/598 676/599/597
f 598/521/527 676/599/597 677/600/598
f 677/600/598 613/536/542 598/521/527
f 678/601/598 636/559/562 639/562/564
f 639/562/564 679/602/599 678/601/598
f 622/545/542 678/601/598 679/602/599
f 679/602/599 623/546/550 622/545/542
f 680/603/600 626/549/553 623/546/550
f 623/546/550 679/602/599 680/603/600
f 618/541/547 680/603/600 679/602/599
f 679/602/599 639/562/564 618/541/547
f 680/603/600 618/541/547 619/542/548
f 619/542/548 681/604/601 680/603/600
f 626/549/553 680/603/600 681/604/601
f 681/604/601 627/550/554 626/549/553
f 681/604/601 619/542/548 601/524/530
f 601/524/530 682/605/602 681/604/601
f 627/550/554 681/604/601 682/605/602
f 682/605/602 605/528/534 627/550/554
f 683/606/603 600/523/529 605/528/534
f 605/528/534 682/605/602 683/606/603
f 603/526/532 683/606/603 682/605/602
f 682/605/602 601/524/530 603/526/532
f 683/606/603 603/526/532 378/301/322
f 378/301/322 436/359/375 683/606/603
f 600/523/529 683/606/603 436/359/375
f 436/359/375 329/252/278 600/523/529
f 437/360/376 362/285/309 629/552/556
f 629/552/556 672/595/593 437/360/376
f 356/279/303 437/360/376 672/595/593
f 672/595/593 616/539/545 356/279/303
f 363/286/310 367/290/314 684/607/604
f 684/607/604 685/608/605 686/609/606
f 686/609/606 363/286/310 684/607/604
f 638/561/563 687/610/607 570/493/499
f 688/611/608 689/612/609 690/613/610
f 691/614/611 638/561/563 650/573/575
f 584/507/513 692/615/612 648/571/573
f 693/616/613 584/507/513 571/494/500
f 694/617/614 648/571/573 647/570/572
f 695/618/615 591/514/520 590/513/519
f 696/619/616 589/512/518 585/508/514
f 697/620/617 643/566/568 591/514/520
f 698/621/618 645/568/570 644/567/569
f 699/622/619 645/568/570 589/512/518
f 700/623/620 589/512/518 645/568/570
f 701/624/621 584/507/513 648/571/573
f 702/625/622 703/626/623 455/378/394
f 704/627/624 705/628/625 706/629/626
f 387/310/331 707/630/627 388/311/332
f 707/630/627 452/375/391 388/311/332
f 452/375/391 708/631/628 449/372/388
f 708/631/628 450/373/389 449/372/388
f 445/368/384 709/632/629 382/305/326
f 709/632/629 448/371/387 382/305/326
f 448/371/387 710/633/630 313/236/262
f 710/633/630 447/370/386 313/236/262
f 450/373/389 711/634/631 308/231/257
f 711/634/631 446/369/385 308/231/257
f 446/369/385 712/635/632 303/226/252
f 712/635/632 387/310/331 303/226/252
f 444/367/383 713/636/633 289/212/238
f 713/636/633 438/361/377 289/212/238
f 438/361/377 714/637/634 375/298/321
f 714/637/634 442/365/381 375/298/321
f 442/365/381 715/638/635 388/311/332
f 715/638/635 443/366/382 388/311/332
f 443/366/382 716/639/636 303/226/252
f 716/639/636 444/367/383 303/226/252
f 451/374/390 717/640/637 449/372/388
f 717/640/637 445/368/384 449/372/388
f 447/370/386 718/641/638 308/231/257
f 718/641/638 451/374/390 308/231/257
f 694/617/614 719/642/639 648/571/573
f 719/642/639 701/624/621 648/571/573
f 699/622/619 720/643/640 645/568/570
f 720/643/640 694/617/614 645/568/570
f 697/620/617 721/644/641 643/566/568
f 721/644/641 698/621/618 643/566/568
f 695/618/615 722/645/642 591/514/520
f 722/645/642 697/620/617 591/514/520
f 696/619/616 723/646/643 589/512/518
f 723/646/643 699/622/619 589/512/518
f 701/624/621 724/647/644 584/507/513
f 724/647/644 696/619/616 584/507/513
f 687/610/607 725/648/645 570/493/499
f 725/648/645 693/616/613 570/493/499
f 691/614/611 726/649/646 638/561/563
f 726/649/646 687/610/607 638/561/563
f 692/615/612 727/650/647 648/571/573
f 727/650/647 691/614/611 648/571/573
f 693/616/613 728/651/648 584/507/513
f 728/651/648 692/615/612 584/507/513
f 698/621/618 729/652/649 645/568/570
f 729/652/649 700/623/620 645/568/570
f 700/623/620 730/653/650 589/512/518
f 730/653/650 695/618/615 589/512/518
f 731/654/651 732/655/652 733/656/653
f 733/656/653 734/657/654 731/654/651
f 735/658/655 736/659/656 732/655/652
f 732/655/652 731/654/651 735/658/655
f 737/660/657 731/654/651 734/657/654
f 734/657/654 738/661/658 737/660/657
f 739/662/659 735/658/655 731/654/651
f 731/654/651 737/660/657 739/662/659
f 740/663/660 741/664/661 742/665/662
f 742/665/662 743/666/663 740/663/660
f 735/658/655 739/662/659 741/664/661
f 741/664/661 740/663/660 735/658/655
f 744/667/664 745/668/665 746/669/666
f 746/669/666 747/670/667 744/667/664
f 738/661/658 734/657/654 745/668/665
f 745/668/665 744/667/664 738/661/658
f 748/671/668 749/672/669 743/666/663
f 743/666/663 742/665/662 748/671/668
f 750/673/667 751/674/666 749/672/669
f 749/672/669 748/671/668 750/673/667
f 752/675/670 748/671/668 742/665/662
f 742/665/662 753/676/671 752/675/670
f 754/677/672 750/673/667 748/671/668
f 748/671/668 752/675/670 754/677/672
f 744/667/664 755/678/673 756/679/674
f 756/679/674 738/661/658 744/667/664
f 747/670/667 757/680/672 755/678/673
f 755/678/673 744/667/664 747/670/667
f 758/681/675 741/664/661 739/662/659
f 739/662/659 759/682/676 758/681/675
f 753/676/671 742/665/662 741/664/661
f 741/664/661 758/681/675 753/676/671
f 760/683/677 737/660/657 738/661/658
f 738/661/658 756/679/674 760/683/677
f 759/682/676 739/662/659 737/660/657
f 737/660/657 760/683/677 759/682/676
f 761/684/678 740/663/660 743/666/663
f 743/666/663 762/685/679 761/684/678
f 736/659/656 735/658/655 740/663/660
f 740/663/660 761/684/678 736/659/656
f 763/686/680 749/672/669 751/674/666
f 751/674/666 764/687/681 763/686/680
f 762/685/679 743/666/663 749/672/669
f 749/672/669 763/686/680 762/685/679
f 765/688/682 745/668/665 734/657/654
f 734/657/654 733/656/653 765/688/682
f 766/689/681 746/669/666 745/668/665
f 745/668/665 765/688/682 766/689/681
f 767/690/683 768/691/684 769/692/685
f 769/692/685 770/693/686 767/690/683
f 771/694/687 772/695/688 768/691/684
f 768/691/684 767/690/683 771/694/687
f 773/696/689 774/697/690 775/698/691
f 775/698/691 776/699/692 773/696/689
f 772/695/688 771/694/687 774/697/690
f 774/697/690 773/696/689 772/695/688
f 777/700/693 778/701/694 779/702/695
f 779/702/695 780/703/696 777/700/693
f 781/704/697 782/705/698 778/701/694
f 778/701/694 777/700/693 781/704/697
f 783/706/699 784/707/700 785/708/701
f 785/708/701 786/709/702 783/706/699
f 782/705/698 781/704/697 784/707/700
f 784/707/700 783/706/699 782/705/698
f 787/710/703 788/711/704 789/712/705
f 789/712/705 790/713/706 787/710/703
f 780/703/696 779/702/695 788/711/704
f 788/711/704 787/710/703 780/703/696
f 791/714/707 792/715/708 793/716/709
f 793/716/709 794/717/710 791/714/707
f 795/718/686 796/719/685 792/715/708
f 792/715/708 791/714/707 795/718/686
f 797/720/711 798/721/712 776/699/692
f 776/699/692 775/698/691 797/720/711
f 794/717/710 793/716/709 798/721/712
f 798/721/712 797/720/711 794/717/710
f 799/722/713 800/723/714 786/709/702
f 786/709/702 785/708/701 799/722/713
f 801/724/706 802/725/705 800/723/714
f 800/723/714 799/722/713 801/724/706
f 803/726/715 799/722/713 785/708/701
f 785/708/701 804/727/716 803/726/715
f 805/728/717 801/724/706 799/722/713
f 799/722/713 803/726/715 805/728/717
f 787/710/703 806/729/718 807/730/719
f 807/730/719 780/703/696 787/710/703
f 790/713/706 808/731/717 806/729/718
f 806/729/718 787/710/703 790/713/706
f 809/732/720 784/707/700 781/704/697
f 781/704/697 810/733/721 809/732/720
f 804/727/716 785/708/701 784/707/700
f 784/707/700 809/732/720 804/727/716
f 811/734/722 777/700/693 780/703/696
f 780/703/696 807/730/719 811/734/722
f 810/733/721 781/704/697 777/700/693
f 777/700/693 811/734/722 810/733/721
f 812/735/723 803/726/715 804/727/716
f 804/727/716 813/736/724 812/735/723
f 814/737/725 805/728/717 803/726/715
f 803/726/715 812/735/723 814/737/725
f 806/729/718 815/738/726 440/363/379
f 440/363/379 807/730/719 806/729/718
f 808/731/717 816/739/725 815/738/726
f 815/738/726 806/729/718 808/731/717
f 817/740/727 809/732/720 810/733/721
f 810/733/721 818/741/728 817/740/727
f 813/736/724 804/727/716 809/732/720
f 809/732/720 817/740/727 813/736/724
f 439/362/378 811/734/722 807/730/719
f 807/730/719 440/363/379 439/362/378
f 818/741/728 810/733/721 811/734/722
f 811/734/722 439/362/378 818/741/728
f 819/742/729 774/697/690 771/694/687
f 771/694/687 820/743/730 819/742/729
f 821/744/731 775/698/691 774/697/690
f 774/697/690 819/742/729 821/744/731
f 797/720/711 822/745/732 823/746/733
f 823/746/733 794/717/710 797/720/711
f 775/698/691 821/744/731 822/745/732
f 822/745/732 797/720/711 775/698/691
f 824/747/734 767/690/683 770/693/686
f 770/693/686 825/748/735 824/747/734
f 820/743/730 771/694/687 767/690/683
f 767/690/683 824/747/734 820/743/730
f 826/749/736 791/714/707 794/717/710
f 794/717/710 823/746/733 826/749/736
f 827/750/735 795/718/686 791/714/707
f 791/714/707 826/749/736 827/750/735
f 457/380/396 826/749/736 823/746/733
f 823/746/733 702/625/622 457/380/396
f 456/379/395 827/750/735 826/749/736
f 826/749/736 457/380/396 456/379/395
f 824/747/734 828/751/737 829/752/738
f 829/752/738 820/743/730 824/747/734
f 825/748/735 830/753/395 828/751/737
f 828/751/737 824/747/734 825/748/735
f 703/626/623 822/745/732 821/744/731
f 821/744/731 453/376/392 703/626/623
f 702/625/622 823/746/733 822/745/732
f 822/745/732 703/626/623 702/625/622
f 454/377/393 819/742/729 820/743/730
f 820/743/730 829/752/738 454/377/393
f 453/376/392 821/744/731 819/742/729
f 819/742/729 454/377/393 453/376/392
f 831/754/739 832/755/740 833/756/741
f 833/756/741 834/757/742 831/754/739
f 835/758/743 836/759/744 832/755/740
f 832/755/740 831/754/739 835/758/743
f 837/760/745 831/754/739 834/757/742
f 834/757/742 838/761/746 837/760/745
f 839/762/747 835/758/743 831/754/739
f 831/754/739 837/760/745 839/762/747
f 840/763/748 841/764/749 838/761/750
f 838/761/750 834/757/751 840/763/748
f 842/765/752 843/766/753 841/764/749
f 841/764/749 840/763/748 842/765/752
f 844/767/754 845/768/755 835/758/743
f 835/758/743 839/762/747 844/767/754
f 846/769/756 847/770/757 845/768/755
f 845/768/755 844/767/754 846/769/756
f 848/771/758 849/772/759 850/773/760
f 850/773/760 851/774/761 848/771/758
f 843/766/753 842/765/752 849/772/759
f 849/772/759 848/771/758 843/766/753
f 852/775/762 848/771/758 851/774/761
f 851/774/761 853/776/763 852/775/762
f 854/777/764 843/766/753 848/771/758
f 848/771/758 852/775/762 854/777/764
f 844/767/754 704/627/624 855/778/765
f 855/778/765 846/769/756 844/767/754
f 839/762/747 705/628/625 704/627/624
f 704/627/624 844/767/754 839/762/747
f 856/779/766 841/764/749 843/766/753
f 843/766/753 854/777/764 856/779/766
f 857/780/767 838/761/750 841/764/749
f 841/764/749 856/779/766 857/780/767
f 858/781/768 837/760/745 838/761/746
f 838/761/746 857/780/767 858/781/768
f 705/628/625 839/762/747 837/760/745
f 837/760/745 858/781/768 705/628/625
f 859/782/769 840/763/748 834/757/751
f 834/757/751 833/756/770 859/782/769
f 860/783/771 842/765/752 840/763/748
f 840/763/748 859/782/769 860/783/771
f 861/784/772 849/772/759 842/765/752
f 842/765/752 860/783/771 861/784/772
f 862/785/773 850/773/760 849/772/759
f 849/772/759 861/784/772 862/785/773
f 863/786/774 845/768/755 847/770/757
f 847/770/757 864/787/775 863/786/774
f 836/759/744 835/758/743 845/768/755
f 845/768/755 863/786/774 836/759/744
f 865/788/776 866/789/777 867/790/778
f 867/790/778 868/791/779 865/788/776
f 869/792/780 870/793/781 866/789/777
f 866/789/777 865/788/776 869/792/780
f 871/794/782 872/795/783 868/791/779
f 868/791/779 867/790/778 871/794/782
f 873/796/784 874/797/785 872/795/783
f 872/795/783 871/794/782 873/796/784
f 875/798/786 876/799/787 877/800/788
f 877/800/788 878/801/789 875/798/786
f 879/802/790 880/803/791 876/799/787
f 876/799/787 875/798/786 879/802/790
f 881/804/792 882/805/793 878/801/789
f 878/801/789 877/800/788 881/804/792
f 883/806/794 884/807/795 882/805/793
f 882/805/793 881/804/792 883/806/794
f 885/808/796 886/809/797 880/803/791
f 880/803/791 879/802/790 885/808/796
f 887/810/798 888/811/799 886/809/797
f 886/809/797 885/808/796 887/810/798
f 889/812/800 890/813/801 891/814/781
f 891/814/781 892/815/780 889/812/800
f 893/816/802 894/817/803 890/813/801
f 890/813/801 889/812/800 893/816/802
f 895/818/804 896/819/805 894/817/803
f 894/817/803 893/816/802 895/818/804
f 874/797/785 873/796/784 896/819/805
f 896/819/805 895/818/804 874/797/785
f 897/820/806 898/821/807 899/822/799
f 899/822/799 900/823/798 897/820/806
f 884/807/795 883/806/794 898/821/807
f 898/821/807 897/820/806 884/807/795
f 901/824/808 897/820/806 900/823/798
f 900/823/798 902/825/809 901/824/808
f 903/826/810 884/807/795 897/820/806
f 897/820/806 901/824/808 903/826/810
f 885/808/796 904/827/811 905/828/809
f 905/828/809 887/810/798 885/808/796
f 879/802/790 906/829/812 904/827/811
f 904/827/811 885/808/796 879/802/790
f 907/830/813 882/805/793 884/807/795
f 884/807/795 903/826/810 907/830/813
f 908/831/814 878/801/789 882/805/793
f 882/805/793 907/830/813 908/831/814
f 909/832/815 875/798/786 878/801/789
f 878/801/789 908/831/814 909/832/815
f 906/829/812 879/802/790 875/798/786
f 875/798/786 909/832/815 906/829/812
f 910/833/816 901/824/808 902/825/809
f 902/825/809 911/834/817 910/833/816
f 912/835/818 903/826/810 901/824/808
f 901/824/808 910/833/816 912/835/818
f 904/827/811 913/836/819 914/837/817
f 914/837/817 905/828/809 904/827/811
f 906/829/812 915/838/820 913/836/819
f 913/836/819 904/827/811 906/829/812
f 916/839/821 907/830/813 903/826/810
f 903/826/810 912/835/818 916/839/821
f 917/840/822 908/831/814 907/830/813
f 907/830/813 916/839/821 917/840/822
f 918/841/823 909/832/815 908/831/814
f 908/831/814 917/840/822 918/841/823
f 915/838/820 906/829/812 909/832/815
f 909/832/815 918/841/823 915/838/820
f 919/842/824 872/795/783 874/797/785
f 874/797/785 920/843/825 919/842/824
f 921/844/826 868/791/779 872/795/783
f 872/795/783 919/842/824 921/844/826
f 895/818/804 922/845/827 920/843/825
f 920/843/825 874/797/785 895/818/804
f 893/816/802 923/846/828 922/845/827
f 922/845/827 895/818/804 893/816/802
f 924/847/829 865/788/776 868/791/779
f 868/791/779 921/844/826 924/847/829
f 925/848/830 869/792/780 865/788/776
f 865/788/776 924/847/829 925/848/830
f 926/849/831 889/812/800 892/815/780
f 892/815/780 927/850/830 926/849/831
f 923/846/828 893/816/802 889/812/800
f 889/812/800 926/849/831 923/846/828
f 928/851/832 926/849/831 927/850/830
f 927/850/830 929/852/608 928/851/832
f 930/853/833 923/846/828 926/849/831
f 926/849/831 928/851/832 930/853/833
f 924/847/829 689/612/609 688/611/608
f 688/611/608 925/848/830 924/847/829
f 921/844/826 931/854/834 689/612/609
f 689/612/609 924/847/829 921/844/826
f 932/855/835 922/845/827 923/846/828
f 923/846/828 930/853/833 932/855/835
f 933/856/836 920/843/825 922/845/827
f 922/845/827 932/855/835 933/856/836
f 934/857/837 919/842/824 920/843/825
f 920/843/825 933/856/836 934/857/837
f 931/854/834 921/844/826 919/842/824
f 919/842/824 934/857/837 931/854/834
f 753/676/671 758/681/675 935/858/838
f 829/752/738 828/751/737 455/378/394
f 689/612/609 931/854/834 690/613/610
f 913/836/819 915/838/820 936/859/839
f 752/675/670 753/676/671 935/858/838
f 916/839/821 912/835/818 936/859/839
f 858/781/768 857/780/767 706/629/626
f 756/679/674 755/678/673 935/858/838
f 703/626/623 453/376/392 455/378/394
f 917/840/822 916/839/821 936/859/839
f 928/851/832 929/852/608 690/613/610
f 755/678/673 757/680/672 935/858/838
f 932/855/835 930/853/833 690/613/610
f 754/677/672 752/675/670 935/858/838
f 915/838/820 918/841/823 936/859/839
f 818/741/728 439/362/378 441/364/380
f 758/681/675 759/682/676 935/858/838
f 933/856/836 932/855/835 690/613/610
f 910/833/816 911/834/817 936/859/839
f 454/377/393 829/752/738 455/378/394
f 930/853/833 928/851/832 690/613/610
f 918/841/823 917/840/822 936/859/839
f 814/737/725 812/735/723 441/364/380
f 815/738/726 816/739/725 441/364/380
f 760/683/677 756/679/674 935/858/838
f 705/628/625 858/781/768 706/629/626
f 934/857/837 933/856/836 690/613/610
f 856/779/766 854/777/764 706/629/626
f 854/777/764 852/775/762 706/629/626
f 817/740/727 818/741/728 441/364/380
f 759/682/676 760/683/677 935/858/838
f 931/854/834 934/857/837 690/613/610
f 852/775/762 853/776/763 706/629/626
f 812/735/723 813/736/724 441/364/380
f 828/751/737 830/753/395 455/378/394
f 855/778/765 704/627/624 706/629/626
f 857/780/767 856/779/766 706/629/626
f 813/736/724 817/740/727 441/364/380
f 912/835/818 910/833/816 936/859/839
f 457/380/396 702/625/622 455/378/394
f 440/363/379 815/738/726 441/364/380
f 914/837/817 913/836/819 936/859/839
f 368/291/315 364/287/311 937/860/840
f 937/860/840 938/861/841 939/862/842
f 939/862/842 368/291/315 937/860/840
f 631/554/558 630/553/557 940/863/843
f 940/863/843 941/864/844 631/554/558
f 942/865/845 628/551/555 943/866/558
f 943/866/558 944/867/846 942/865/845
f 364/287/311 363/286/310 686/609/606
f 686/609/606 945/868/847 937/860/840
f 937/860/840 364/287/311 686/609/606
f 367/290/314 368/291/315 939/862/842
f 939/862/842 946/869/848 684/607/604
f 684/607/604 367/290/314 939/862/842
f 629/552/556 628/551/555 942/865/845
f 942/865/845 947/870/849 948/871/850
f 948/871/850 629/552/556 942/865/845
f 630/553/557 629/552/556 948/871/850
f 948/871/850 949/872/851 940/863/843
f 940/863/843 630/553/557 948/871/850
f 938/861/841 950/873/852 939/862/842
f 950/873/852 951/874/848 939/862/842
f 945/868/847 952/875/853 937/860/840
f 952/875/853 953/876/841 937/860/840
f 685/608/605 954/877/854 686/609/606
f 954/877/854 955/878/847 686/609/606
f 946/869/848 956/879/855 684/607/604
f 956/879/855 957/880/605 684/607/604
f 941/864/844 958/881/856 943/866/558
f 958/881/856 959/882/846 943/866/558
f 944/867/846 960/883/857 942/865/845
f 960/883/857 961/884/849 942/865/845
f 947/870/849 962/885/858 948/871/850
f 962/885/858 963/886/851 948/871/850
f 949/872/851 964/887/859 940/863/843
f 964/887/859 965/888/844 940/863/843
f 966/889/860 967/890/861 968/891/862
f 967/890/861 969/892/863 968/891/862
f 970/893/864 971/894/865 968/891/862
f 971/894/865 966/889/866 968/891/862
f 972/895/867 973/896/868 968/891/862
f 973/896/868 970/893/864 968/891/862
f 969/892/863 974/897/869 968/891/862
f 974/897/869 975/898/867 968/891/862
f 976/899/870 977/900/871 978/901/872
f 977/900/871 979/902/873 978/901/872
f 979/902/874 980/903/875 978/901/872
f 980/903/875 981/904/876 978/901/872
f 981/904/876 982/905/877 978/901/872
f 982/905/877 983/906/878 978/901/872
f 984/907/878 985/908/879 978/901/872
f 985/908/879 976/899/870 978/901/872
f 986/909/880 987/910/881 988/911/882
f 988/911/882 989/912/883 986/909/880
f 990/913/884 991/914/885 987/910/881
f 987/910/881 986/909/880 990/913/884
f 992/915/886 993/916/887 994/917/888
f 994/917/888 995/918/889 992/915/886
f 991/914/885 990/913/884 993/916/887
f 993/916/887 992/915/886 991/914/885
f 996/919/890 997/920/891 998/921/892
f 998/921/892 999/922/893 996/919/890
f 1000/923/883 1001/924/882 997/920/891
f 997/920/891 996/919/890 1000/923/883
f 1002/925/894 1003/926/895 1004/927/896
f 1004/927/896 1005/928/897 1002/925/894
f 1006/929/898 1007/930/899 1003/926/895
f 1003/926/895 1002/925/894 1006/929/898
f 1008/931/900 1009/932/901 1010/933/902
f 1010/933/902 1011/934/903 1008/931/900
f 1007/930/899 1006/929/898 1009/932/901
f 1009/932/901 1008/931/900 1007/930/899
f 1012/935/904 1013/936/905 1014/937/906
f 1014/937/906 1015/938/907 1012/935/904
f 1011/934/903 1010/933/902 1013/936/905
f 1013/936/905 1012/935/904 1011/934/903
f 1016/939/908 1017/940/909 995/918/889
f 995/918/889 994/917/888 1016/939/908
f 999/922/893 998/921/892 1017/940/909
f 1017/940/909 1016/939/908 999/922/893
f 1018/941/910 1019/942/911 1020/943/897
f 1020/943/897 1021/944/896 1018/941/910
f 1015/938/907 1014/937/906 1019/942/911
f 1019/942/911 1018/941/910 1015/938/907
f 1022/945/912 993/916/913 990/913/914
f 990/913/914 1023/946/915 1022/945/912
f 1024/947/916 994/917/917 993/916/913
f 993/916/913 1022/945/912 1024/947/916
f 1016/939/918 1025/948/919 1026/949/920
f 1026/949/920 999/922/921 1016/939/918
f 994/917/917 1024/947/916 1025/948/919
f 1025/948/919 1016/939/918 994/917/917
f 1027/950/922 996/919/923 999/922/921
f 999/922/921 1026/949/920 1027/950/922
f 1028/951/924 1000/923/925 996/919/923
f 996/919/923 1027/950/922 1028/951/924
f 986/909/926 1029/952/927 1023/946/915
f 1023/946/915 990/913/914 986/909/926
f 989/912/925 1030/953/924 1029/952/927
f 1029/952/927 986/909/926 989/912/925
f 1031/954/928 1009/932/929 1006/929/930
f 1006/929/930 1032/955/931 1031/954/928
f 1033/956/932 1010/933/933 1009/932/929
f 1009/932/929 1031/954/928 1033/956/932
f 1013/936/934 1034/957/935 1035/958/936
f 1035/958/936 1014/937/937 1013/936/934
f 1010/933/933 1033/956/932 1034/957/935
f 1034/957/935 1013/936/934 1010/933/933
f 1036/959/938 1019/942/939 1014/937/937
f 1014/937/937 1035/958/936 1036/959/938
f 1037/960/940 1020/943/941 1019/942/939
f 1019/942/939 1036/959/938 1037/960/940
f 1002/925/942 1038/961/943 1032/955/931
f 1032/955/931 1006/929/930 1002/925/942
f 1005/928/941 1039/962/940 1038/961/943
f 1038/961/943 1002/925/942 1005/928/941
f 1040/963/944 1029/952/945 1030/953/946
f 1030/953/946 1041/964/947 1040/963/944
f 1042/965/948 1023/946/949 1029/952/945
f 1029/952/945 1040/963/944 1042/965/948
f 1022/945/950 1043/966/951 1044/967/952
f 1044/967/952 1024/947/953 1022/945/950
f 1023/946/949 1042/965/948 1043/966/951
f 1043/966/951 1022/945/950 1023/946/949
f 1045/968/954 1027/950/955 1026/949/956
f 1026/949/956 1046/969/957 1045/968/954
f 1047/970/947 1028/951/946 1027/950/955
f 1027/950/955 1045/968/954 1047/970/947
f 1048/971/958 1038/961/959 1039/962/960
f 1039/962/960 1049/972/961 1048/971/958
f 1050/973/962 1032/955/963 1038/961/959
f 1038/961/959 1048/971/958 1050/973/962
f 1031/954/964 1051/974/965 1052/975/966
f 1052/975/966 1033/956/967 1031/954/964
f 1032/955/963 1050/973/962 1051/974/965
f 1051/974/965 1031/954/964 1032/955/963
f 1034/957/968 1053/976/969 1054/977/970
f 1054/977/970 1035/958/971 1034/957/968
f 1033/956/967 1052/975/966 1053/976/969
f 1053/976/969 1034/957/968 1033/956/967
f 1055/978/972 1025/948/973 1024/947/953
f 1024/947/953 1044/967/952 1055/978/972
f 1046/969/957 1026/949/956 1025/948/973
f 1025/948/973 1055/978/972 1046/969/957
f 1036/959/974 1056/979/975 1057/980/961
f 1057/980/961 1037/960/960 1036/959/974
f 1035/958/971 1054/977/970 1056/979/975
f 1056/979/975 1036/959/974 1035/958/971
f 1058/981/976 1043/966/977 1042/965/978
f 1042/965/978 1059/982/979 1058/981/976
f 1060/983/980 1044/967/981 1043/966/977
f 1043/966/977 1058/981/976 1060/983/980
f 1055/978/982 1061/984/983 1062/985/984
f 1062/985/984 1046/969/985 1055/978/982
f 1044/967/981 1060/983/980 1061/984/983
f 1061/984/983 1055/978/982 1044/967/981
f 1063/986/986 1045/968/987 1046/969/985
f 1046/969/985 1062/985/984 1063/986/986
f 1064/987/988 1047/970/989 1045/968/987
f 1045/968/987 1063/986/986 1064/987/988
f 1040/963/990 1065/988/991 1059/982/979
f 1059/982/979 1042/965/978 1040/963/990
f 1041/964/989 1066/989/988 1065/988/991
f 1065/988/991 1040/963/990 1041/964/989
f 1067/990/992 1051/974/993 1050/973/994
f 1050/973/994 1068/991/995 1067/990/992
f 1069/992/996 1052/975/997 1051/974/993
f 1051/974/993 1067/990/992 1069/992/996
f 1053/976/998 1070/993/999 1071/994/1000
f 1071/994/1000 1054/977/1001 1053/976/998
f 1052/975/997 1069/992/996 1070/993/999
f 1070/993/999 1053/976/998 1052/975/997
f 1072/995/1002 1056/979/1003 1054/977/1001
f 1054/977/1001 1071/994/1000 1072/995/1002
f 1073/996/1004 1057/980/1005 1056/979/1003
f 1056/979/1003 1072/995/1002 1073/996/1004
f 1048/971/1006 1074/997/1007 1068/991/995
f 1068/991/995 1050/973/994 1048/971/1006
f 1049/972/1005 1075/998/1004 1074/997/1007
f 1074/997/1007 1048/971/1006 1049/972/1005
f 1076/999/1008 1070/993/1009 1069/992/1010
f 1069/992/1010 1077/1000/1011 1076/999/1008
f 1078/1001/1012 1071/994/1013 1070/993/1009
f 1070/993/1009 1076/999/1008 1078/1001/1012
f 1072/995/1014 1079/1002/1015 1080/1003/1016
f 1080/1003/1016 1073/996/1017 1072/995/1014
f 1071/994/1013 1078/1001/1012 1079/1002/1015
f 1079/1002/1015 1072/995/1014 1071/994/1013
f 1074/997/1018 1081/1004/1019 1082/1005/1020
f 1082/1005/1020 1068/991/1021 1074/997/1018
f 1075/998/1017 1083/1006/1016 1081/1004/1019
f 1081/1004/1019 1074/997/1018 1075/998/1017
f 1084/1007/1022 1065/988/1023 1066/989/1024
f 1066/989/1024 1085/1008/1025 1084/1007/1022
f 1086/1009/1026 1059/982/1027 1065/988/1023
f 1065/988/1023 1084/1007/1022 1086/1009/1026
f 1058/981/1028 1087/1010/1029 1088/1011/1030
f 1088/1011/1030 1060/983/1031 1058/981/1028
f 1059/982/1027 1086/1009/1026 1087/1010/1029
f 1087/1010/1029 1058/981/1028 1059/982/1027
f 1089/1012/1032 1063/986/1033 1062/985/1034
f 1062/985/1034 1090/1013/1035 1089/1012/1032
f 1091/1014/1025 1064/987/1024 1063/986/1033
f 1063/986/1033 1089/1012/1032 1091/1014/1025
f 1067/990/1036 1092/1015/1037 1077/1000/1011
f 1077/1000/1011 1069/992/1010 1067/990/1036
f 1068/991/1021 1082/1005/1020 1092/1015/1037
f 1092/1015/1037 1067/990/1036 1068/991/1021
f 1093/1016/1038 1061/984/1039 1060/983/1031
f 1060/983/1031 1088/1011/1030 1093/1016/1038
f 1090/1013/1035 1062/985/1034 1061/984/1039
f 1061/984/1039 1093/1016/1038 1090/1013/1035
f 1094/1017/1040 1087/1010/1041 1086/1009/1042
f 1086/1009/1042 1095/1018/1043 1094/1017/1040
f 1096/1019/1044 1088/1011/1045 1087/1010/1041
f 1087/1010/1041 1094/1017/1040 1096/1019/1044
f 1093/1016/1046 1097/1020/1047 1098/1021/1048
f 1098/1021/1048 1090/1013/1049 1093/1016/1046
f 1088/1011/1045 1096/1019/1044 1097/1020/1047
f 1097/1020/1047 1093/1016/1046 1088/1011/1045
f 1099/1022/1050 1089/1012/1051 1090/1013/1049
f 1090/1013/1049 1098/1021/1048 1099/1022/1050
f 1100/1023/1052 1091/1014/1053 1089/1012/1051
f 1089/1012/1051 1099/1022/1050 1100/1023/1052
f 1084/1007/1054 1101/1024/1055 1095/1018/1043
f 1095/1018/1043 1086/1009/1042 1084/1007/1054
f 1085/1008/1053 1102/1025/1052 1101/1024/1055
f 1101/1024/1055 1084/1007/1054 1085/1008/1053
f 1103/1026/1056 1092/1015/1057 1082/1005/1058
f 1082/1005/1058 1104/1027/1059 1103/1026/1056
f 1105/1028/1060 1077/1000/1061 1092/1015/1057
f 1092/1015/1057 1103/1026/1056 1105/1028/1060
f 1076/999/1062 1106/1029/1063 1107/1030/1064
f 1107/1030/1064 1078/1001/1065 1076/999/1062
f 1077/1000/1061 1105/1028/1060 1106/1029/1063
f 1106/1029/1063 1076/999/1062 1077/1000/1061
f 1108/1031/1066 1079/1002/1067 1078/1001/1065
f 1078/1001/1065 1107/1030/1064 1108/1031/1066
f 1109/1032/1068 1080/1003/1069 1079/1002/1067
f 1079/1002/1067 1108/1031/1066 1109/1032/1068
f 1081/1004/1070 1110/1033/1071 1104/1027/1059
f 1104/1027/1059 1082/1005/1058 1081/1004/1070
f 1083/1006/1069 1111/1034/1068 1110/1033/1071
f 1110/1033/1071 1081/1004/1070 1083/1006/1069
f 971/894/865 1097/1020/1072 1096/1019/1073
f 1096/1019/1073 966/889/866 971/894/865
f 970/893/864 1098/1021/1074 1097/1020/1072
f 1097/1020/1072 971/894/865 970/893/864
f 1099/1022/1075 973/896/868 972/895/867
f 972/895/867 1100/1023/1076 1099/1022/1075
f 1098/1021/1074 970/893/864 973/896/868
f 973/896/868 1099/1022/1075 1098/1021/1074
f 967/890/861 1094/1017/1077 1095/1018/1078
f 1095/1018/1078 969/892/863 967/890/861
f 966/889/860 1096/1019/1079 1094/1017/1077
f 1094/1017/1077 967/890/861 966/889/860
f 977/900/871 1106/1029/1080 1105/1028/1081
f 1105/1028/1081 979/902/873 977/900/871
f 976/899/870 1107/1030/1082 1106/1029/1080
f 1106/1029/1080 977/900/871 976/899/870
f 1108/1031/1083 985/908/879 984/907/878
f 984/907/878 1109/1032/1084 1108/1031/1083
f 1107/1030/1082 976/899/870 985/908/879
f 985/908/879 1108/1031/1083 1107/1030/1082
f 1110/1033/1085 982/905/877 981/904/876
f 981/904/876 1104/1027/1086 1110/1033/1085
f 1111/1034/1084 983/906/878 982/905/877
f 982/905/877 1110/1033/1085 1111/1034/1084
f 974/897/869 1101/1024/1087 1102/1025/1076
f 1102/1025/1076 975/898/867 974/897/869
f 969/892/863 1095/1018/1078 1101/1024/1087
f 1101/1024/1087 974/897/869 969/892/863
f 1103/1026/1088 980/903/875 979/902/874
f 979/902/874 1105/1028/1089 1103/1026/1088
f 1104/1027/1086 981/904/876 980/903/875
f 980/903/875 1103/1026/1088 1104/1027/1086
f 1112/1035/1090 1113/1036/1091 1114/1037/1092
f 1114/1037/1092 1115/1038/1093 1112/1035/1090
f 1116/1039/1094 1117/1040/1095 1118/1041/1096
f 1118/1041/1096 1119/1042/1097 1116/1039/1094
f 1120/1043/1098 1121/1044/1099 1122/1045/1100
f 1117/1040/1095 1112/1035/1090 1115/1038/1093
f 1115/1038/1093 1118/1041/1096 1117/1040/1095
f 1122/1045/1100 1116/1039/1094 1119/1042/1097
f 1119/1042/1097 1120/1043/1098 1122/1045/1100
f 1123/1046/1101 1124/1047/1102 1112/1035/1090
f 1112/1035/1090 1117/1040/1095 1123/1046/1101
f 1125/1048/1103 1126/1049/1104 1116/1039/1094
f 1116/1039/1094 1122/1045/1100 1125/1048/1103
f 1124/1047/1102 1127/1050/1105 1113/1036/1091
f 1113/1036/1091 1112/1035/1090 1124/1047/1102
f 1126/1049/1104 1123/1046/1101 1117/1040/1095
f 1117/1040/1095 1116/1039/1094 1126/1049/1104
f 1122/1045/1100 1121/1044/1099 1125/1048/1103
f 1128/1051/1106 1129/1052/1107 1126/1049/1104
f 1126/1049/1104 1125/1048/1103 1128/1051/1106
f 1130/1053/1108 1131/1054/1109 1127/1050/1105
f 1127/1050/1105 1124/1047/1102 1130/1053/1108
f 1129/1052/1107 1132/1055/1110 1123/1046/1101
f 1123/1046/1101 1126/1049/1104 1129/1052/1107
f 1125/1048/1103 1121/1044/1099 1128/1051/1106
f 1132/1055/1110 1130/1053/1108 1124/1047/1102
f 1124/1047/1102 1123/1046/1101 1132/1055/1110
f 1133/1056/1111 1134/1057/1112 1131/1054/1109
f 1131/1054/1109 1130/1053/1108 1133/1056/1111
f 1135/1058/1113 1136/1059/1114 1132/1055/1110
f 1132/1055/1110 1129/1052/1107 1135/1058/1113
f 1128/1051/1106 1121/1044/1099 1137/1060/1115
f 1136/1059/1114 1133/1056/1111 1130/1053/1108
f 1130/1053/1108 1132/1055/1110 1136/1059/1114
f 1137/1060/1115 1135/1058/1113 1129/1052/1107
f 1129/1052/1107 1128/1051/1106 1137/1060/1115
f 1137/1060/1115 1121/1044/1099 1138/1061/1116
f 1139/1062/1117 1140/1063/1118 1133/1056/1111
f 1133/1056/1111 1136/1059/1114 1139/1062/1117
f 1138/1061/1116 1141/1064/1119 1135/1058/1113
f 1135/1058/1113 1137/1060/1115 1138/1061/1116
f 1140/1063/1118 1142/1065/1120 1134/1057/1112
f 1134/1057/1112 1133/1056/1111 1140/1063/1118
f 1141/1064/1119 1139/1062/1117 1136/1059/1114
f 1136/1059/1114 1135/1058/1113 1141/1064/1119
f 1143/1066/1121 1144/1067/1122 1140/1063/1118
f 1140/1063/1118 1139/1062/1117 1143/1066/1121
f 1145/1068/1123 1146/1069/1124 1141/1064/1119
f 1141/1064/1119 1138/1061/1116 1145/1068/1123
f 1144/1067/1122 1147/1070/1125 1142/1065/1120
f 1142/1065/1120 1140/1063/1118 1144/1067/1122
f 1146/1069/1124 1143/1066/1121 1139/1062/1117
f 1139/1062/1117 1141/1064/1119 1146/1069/1124
f 1138/1061/1116 1121/1044/1099 1145/1068/1123
f 1148/1071/1126 1149/1072/1127 1147/1070/1125
f 1147/1070/1125 1144/1067/1122 1148/1071/1126
f 1150/1073/1128 1151/1074/1129 1143/1066/1121
f 1143/1066/1121 1146/1069/1124 1150/1073/1128
f 1145/1068/1123 1121/1044/1099 1152/1075/1130
f 1151/1074/1129 1148/1071/1126 1144/1067/1122
f 1144/1067/1122 1143/1066/1121 1151/1074/1129
f 1152/1075/1130 1150/1073/1128 1146/1069/1124
f 1146/1069/1124 1145/1068/1123 1152/1075/1130
f 1153/1076/1131 1154/1077/1132 1149/1072/1127
f 1149/1072/1127 1148/1071/1126 1153/1076/1131
f 1155/1078/1133 1156/1079/1134 1151/1074/1129
f 1151/1074/1129 1150/1073/1128 1155/1078/1133
f 1152/1075/1130 1121/1044/1099 1157/1080/1135
f 1156/1079/1134 1153/1076/1131 1148/1071/1126
f 1148/1071/1126 1151/1074/1129 1156/1079/1134
f 1157/1080/1135 1155/1078/1133 1150/1073/1128
f 1150/1073/1128 1152/1075/1130 1157/1080/1135
f 1158/1081/1136 1159/1082/1137 1153/1076/1131
f 1153/1076/1131 1156/1079/1134 1158/1081/1136
f 1160/1083/1138 1161/1084/1139 1155/1078/1133
f 1155/1078/1133 1157/1080/1135 1160/1083/1138
f 1159/1082/1137 1162/1085/1140 1154/1077/1132
f 1154/1077/1132 1153/1076/1131 1159/1082/1137
f 1161/1084/1139 1158/1081/1136 1156/1079/1134
f 1156/1079/1134 1155/1078/1133 1161/1084/1139
f 1157/1080/1135 1121/1044/1099 1160/1083/1138
f 1163/1086/1141 1164/1087/1142 1159/1082/1137
f 1159/1082/1137 1158/1081/1136 1163/1086/1141
f 1165/1088/1143 1166/1089/1144 1161/1084/1139
f 1161/1084/1139 1160/1083/1138 1165/1088/1143
f 1164/1087/1142 1167/1090/1145 1162/1085/1140
f 1162/1085/1140 1159/1082/1137 1164/1087/1142
f 1166/1089/1144 1163/1086/1141 1158/1081/1136
f 1158/1081/1136 1161/1084/1139 1166/1089/1144
f 1160/1083/1138 1121/1044/1099 1165/1088/1143
f 1168/1091/1146 1169/1092/1147 1167/1090/1145
f 1167/1090/1145 1164/1087/1142 1168/1091/1146
f 1170/1093/1148 1171/1094/1149 1163/1086/1141
f 1163/1086/1141 1166/1089/1144 1170/1093/1148
f 1165/1088/1143 1121/1044/1099 1172/1095/1150
f 1171/1094/1149 1168/1091/1146 1164/1087/1142
f 1164/1087/1142 1163/1086/1141 1171/1094/1149
f 1172/1095/1150 1170/1093/1148 1166/1089/1144
f 1166/1089/1144 1165/1088/1143 1172/1095/1150
f 1173/1096/1151 1174/1097/1152 1171/1094/1149
f 1171/1094/1149 1170/1093/1148 1173/1096/1151
f 1172/1095/1150 1121/1044/1099 1175/1098/1153
f 1174/1097/1152 1176/1099/1154 1168/1091/1146
f 1168/1091/1146 1171/1094/1149 1174/1097/1152
f 1175/1098/1153 1173/1096/1151 1170/1093/1148
f 1170/1093/1148 1172/1095/1150 1175/1098/1153
f 1176/1099/1154 1177/1100/1155 1169/1092/1147
f 1169/1092/1147 1168/1091/1146 1176/1099/1154
f 1178/1101/1156 1179/1102/1157 1176/1099/1154
f 1176/1099/1154 1174/1097/1152 1178/1101/1156
f 1180/1103/1158 1181/1104/1159 1173/1096/1151
f 1173/1096/1151 1175/1098/1153 1180/1103/1158
f 1179/1102/1157 1182/1105/1160 1177/1100/1155
f 1177/1100/1155 1176/1099/1154 1179/1102/1157
f 1181/1104/1159 1178/1101/1156 1174/1097/1152
f 1174/1097/1152 1173/1096/1151 1181/1104/1159
f 1175/1098/1153 1121/1044/1099 1180/1103/1158
f 1183/1106/1161 1184/1107/1162 1181/1104/1159
f 1181/1104/1159 1180/1103/1158 1183/1106/1161
f 1185/1108/1163 1186/1109/1164 1182/1105/1160
f 1182/1105/1160 1179/1102/1157 1185/1108/1163
f 1184/1107/1162 1187/1110/1165 1178/1101/1156
f 1178/1101/1156 1181/1104/1159 1184/1107/1162
f 1180/1103/1158 1121/1044/1099 1183/1106/1161
f 1187/1110/1165 1185/1108/1163 1179/1102/1157
f 1179/1102/1157 1178/1101/1156 1187/1110/1165
f 1188/1111/1166 1189/1112/1167 1186/1109/1164
f 1186/1109/1164 1185/1108/1163 1188/1111/1166
f 1190/1113/1168 1191/1114/1169 1187/1110/1165
f 1187/1110/1165 1184/1107/1162 1190/1113/1168
f 1183/1106/1161 1121/1044/1099 1192/1115/1170
f 1191/1114/1169 1188/1111/1166 1185/1108/1163
f 1185/1108/1163 1187/1110/1165 1191/1114/1169
f 1192/1115/1170 1190/1113/1168 1184/1107/1162
f 1184/1107/1162 1183/1106/1161 1192/1115/1170
f 1192/1115/1170 1121/1044/1099 1120/1043/1098
f 1118/1041/1096 1115/1038/1093 1188/1111/1166
f 1188/1111/1166 1191/1114/1169 1118/1041/1096
f 1120/1043/1098 1119/1042/1097 1190/1113/1168
f 1190/1113/1168 1192/1115/1170 1120/1043/1098
f 1115/1038/1093 1114/1037/1092 1189/1112/1167
f 1189/1112/1167 1188/1111/1166 1115/1038/1093
f 1119/1042/1097 1118/1041/1096 1191/1114/1169
f 1191/1114/1169 1190/1113/1168 1119/1042/1097
f 1193/1035/1171 1194/1038/1172 1195/1037/1173
f 1195/1037/1173 1196/1036/1174 1193/1035/1171
f 1197/1039/1175 1198/1042/1176 1199/1041/1177
f 1199/1041/1177 1200/1040/1178 1197/1039/1175
f 1201/1043/1179 1202/1045/1180 1203/1044/1181
f 1200/1040/1178 1199/1041/1177 1194/1038/1172
f 1194/1038/1172 1193/1035/1171 1200/1040/1178
f 1202/1045/1180 1201/1043/1179 1198/1042/1176
f 1198/1042/1176 1197/1039/1175 1202/1045/1180
f 1204/1046/1182 1200/1040/1178 1193/1035/1171
f 1193/1035/1171 1205/1047/1183 1204/1046/1182
f 1206/1048/1184 1202/1045/1180 1197/1039/1175
f 1197/1039/1175 1207/1049/1185 1206/1048/1184
f 1205/1047/1183 1193/1035/1171 1196/1036/1174
f 1196/1036/1174 1208/1050/1186 1205/1047/1183
f 1207/1049/1185 1197/1039/1175 1200/1040/1178
f 1200/1040/1178 1204/1046/1182 1207/1049/1185
f 1202/1045/1180 1206/1048/1184 1203/1044/1181
f 1209/1051/1187 1206/1048/1184 1207/1049/1185
f 1207/1049/1185 1210/1052/1188 1209/1051/1187
f 1211/1053/1189 1205/1047/1183 1208/1050/1186
f 1208/1050/1186 1212/1054/1190 1211/1053/1189
f 1210/1052/1188 1207/1049/1185 1204/1046/1182
f 1204/1046/1182 1213/1055/1191 1210/1052/1188
f 1206/1048/1184 1209/1051/1187 1203/1044/1181
f 1213/1055/1191 1204/1046/1182 1205/1047/1183
f 1205/1047/1183 1211/1053/1189 1213/1055/1191
f 1214/1056/1192 1211/1053/1189 1212/1054/1190
f 1212/1054/1190 1215/1057/1193 1214/1056/1192
f 1216/1058/1194 1210/1052/1188 1213/1055/1191
f 1213/1055/1191 1217/1059/1195 1216/1058/1194
f 1209/1051/1187 1218/1060/1196 1203/1044/1181
f 1217/1059/1195 1213/1055/1191 1211/1053/1189
f 1211/1053/1189 1214/1056/1192 1217/1059/1195
f 1218/1060/1196 1209/1051/1187 1210/1052/1188
f 1210/1052/1188 1216/1058/1194 1218/1060/1196
f 1218/1060/1196 1219/1061/1197 1203/1044/1181
f 1220/1062/1198 1217/1059/1195 1214/1056/1192
f 1214/1056/1192 1221/1063/1199 1220/1062/1198
f 1219/1061/1197 1218/1060/1196 1216/1058/1194
f 1216/1058/1194 1222/1064/1200 1219/1061/1197
f 1221/1063/1199 1214/1056/1192 1215/1057/1193
f 1215/1057/1193 1223/1065/1201 1221/1063/1199
f 1222/1064/1200 1216/1058/1194 1217/1059/1195
f 1217/1059/1195 1220/1062/1198 1222/1064/1200
f 1224/1066/1202 1220/1062/1198 1221/1063/1199
f 1221/1063/1199 1225/1067/1203 1224/1066/1202
f 1226/1068/1204 1219/1061/1197 1222/1064/1200
f 1222/1064/1200 1227/1069/1205 1226/1068/1204
f 1225/1067/1203 1221/1063/1199 1223/1065/1201
f 1223/1065/1201 1228/1070/1206 1225/1067/1203
f 1227/1069/1205 1222/1064/1200 1220/1062/1198
f 1220/1062/1198 1224/1066/1202 1227/1069/1205
f 1219/1061/1197 1226/1068/1204 1203/1044/1181
f 1229/1071/1207 1225/1067/1203 1228/1070/1206
f 1228/1070/1206 1230/1072/1208 1229/1071/1207
f 1231/1073/1209 1227/1069/1205 1224/1066/1202
f 1224/1066/1202 1232/1074/1210 1231/1073/1209
f 1226/1068/1204 1233/1075/1211 1203/1044/1181
f 1232/1074/1210 1224/1066/1202 1225/1067/1203
f 1225/1067/1203 1229/1071/1207 1232/1074/1210
f 1233/1075/1211 1226/1068/1204 1227/1069/1205
f 1227/1069/1205 1231/1073/1209 1233/1075/1211
f 1234/1076/1212 1229/1071/1207 1230/1072/1208
f 1230/1072/1208 1235/1077/1213 1234/1076/1212
f 1236/1078/1214 1231/1073/1209 1232/1074/1210
f 1232/1074/1210 1237/1079/1215 1236/1078/1214
f 1233/1075/1211 1238/1080/1216 1203/1044/1181
f 1237/1079/1215 1232/1074/1210 1229/1071/1207
f 1229/1071/1207 1234/1076/1212 1237/1079/1215
f 1238/1080/1216 1233/1075/1211 1231/1073/1209
f 1231/1073/1209 1236/1078/1214 1238/1080/1216
f 1239/1081/1217 1237/1079/1215 1234/1076/1212
f 1234/1076/1212 1240/1082/1218 1239/1081/1217
f 1241/1083/1219 1238/1080/1216 1236/1078/1214
f 1236/1078/1214 1242/1084/1220 1241/1083/1219
f 1240/1082/1218 1234/1076/1212 1235/1077/1213
f 1235/1077/1213 1243/1085/1221 1240/1082/1218
f 1242/1084/1220 1236/1078/1214 1237/1079/1215
f 1237/1079/1215 1239/1081/1217 1242/1084/1220
f 1238/1080/1216 1241/1083/1219 1203/1044/1181
f 1244/1086/1222 1239/1081/1217 1240/1082/1218
f 1240/1082/1218 1245/1087/1223 1244/1086/1222
f 1246/1088/1224 1241/1083/1219 1242/1084/1220
f 1242/1084/1220 1247/1089/1225 1246/1088/1224
f 1245/1087/1223 1240/1082/1218 1243/1085/1221
f 1243/1085/1221 1248/1090/1226 1245/1087/1223
f 1247/1089/1225 1242/1084/1220 1239/1081/1217
f 1239/1081/1217 1244/1086/1222 1247/1089/1225
f 1241/1083/1219 1246/1088/1224 1203/1044/1181
f 1249/1091/1227 1245/1087/1223 1248/1090/1226
f 1248/1090/1226 1250/1092/1228 1249/1091/1227
f 1251/1093/1229 1247/1089/1225 1244/1086/1222
f 1244/1086/1222 1252/1094/1230 1251/1093/1229
f 1246/1088/1224 1253/1095/1231 1203/1044/1181
f 1252/1094/1230 1244/1086/1222 1245/1087/1223
f 1245/1087/1223 1249/1091/1227 1252/1094/1230
f 1253/1095/1231 1246/1088/1224 1247/1089/1225
f 1247/1089/1225 1251/1093/1229 1253/1095/1231
f 1254/1096/1232 1251/1093/1229 1252/1094/1230
f 1252/1094/1230 1255/1097/1233 1254/1096/1232
f 1253/1095/1231 1256/1098/1234 1203/1044/1181
f 1255/1097/1233 1252/1094/1230 1249/1091/1227
f 1249/1091/1227 1257/1099/1235 1255/1097/1233
f 1256/1098/1234 1253/1095/1231 1251/1093/1229
f 1251/1093/1229 1254/1096/1232 1256/1098/1234
f 1257/1099/1235 1249/1091/1227 1250/1092/1228
f 1250/1092/1228 1258/1100/1236 1257/1099/1235
f 1259/1101/1237 1255/1097/1233 1257/1099/1235
f 1257/1099/1235 1260/1102/1238 1259/1101/1237
f 1261/1103/1239 1256/1098/1234 1254/1096/1232
f 1254/1096/1232 1262/1104/1240 1261/1103/1239
f 1260/1102/1238 1257/1099/1235 1258/1100/1236
f 1258/1100/1236 1263/1105/1241 1260/1102/1238
f 1262/1104/1240 1254/1096/1232 1255/1097/1233
f 1255/1097/1233 1259/1101/1237 1262/1104/1240
f 1256/1098/1234 1261/1103/1239 1203/1044/1181
f 1264/1106/1242 1261/1103/1239 1262/1104/1240
f 1262/1104/1240 1265/1107/1243 1264/1106/1242
f 1266/1108/1244 1260/1102/1238 1263/1105/1241
f 1263/1105/1241 1267/1109/1245 1266/1108/1244
f 1265/1107/1243 1262/1104/1240 1259/1101/1237
f 1259/1101/1237 1268/1110/1246 1265/1107/1243
f 1261/1103/1239 1264/1106/1242 1203/1044/1181
f 1268/1110/1246 1259/1101/1237 1260/1102/1238
f 1260/1102/1238 1266/1108/1244 1268/1110/1246
f 1269/1111/1247 1266/1108/1244 1267/1109/1245
f 1267/1109/1245 1270/1112/1248 1269/1111/1247
f 1271/1113/1249 1265/1107/1243 1268/1110/1246
f 1268/1110/1246 1272/1114/1250 1271/1113/1249
f 1264/1106/1242 1273/1115/1251 1203/1044/1181
f 1272/1114/1250 1268/1110/1246 1266/1108/1244
f 1266/1108/1244 1269/1111/1247 1272/1114/1250
f 1273/1115/1251 1264/1106/1242 1265/1107/1243
f 1265/1107/1243 1271/1113/1249 1273/1115/1251
f 1273/1115/1251 1201/1043/1179 1203/1044/1181
f 1199/1041/1177 1272/1114/1250 1269/1111/1247
f 1269/1111/1247 1194/1038/1172 1199/1041/1177
f 1201/1043/1179 1273/1115/1251 1271/1113/1249
f 1271/1113/1249 1198/1042/1176 1201/1043/1179
f 1194/1038/1172 1269/1111/1247 1270/1112/1248
f 1270/1112/1248 1195/1037/1173 1194/1038/1172
f 1198/1042/1176 1271/1113/1249 1272/1114/1250
f 1272/1114/1250 1199/1041/1177 1198/1042/1176
f 628/551/555 655/578/578 663/586/584
f 663/586/584 631/554/558 628/551/555
f 655/578/578 654/577/577 661/584/582
f 661/584/582 663/586/584 655/578/578
f 654/577/577 493/416/432 496/419/435
f 496/419/435 661/584/582 654/577/577
f 449/372/388 445/368/384 392/315/336
f 388/311/332 452/375/391 394/317/338
f 388/311/332 395/318/339 442/365/381
f 334/257/283 205/128/165 204/127/164
f 204/127/164 419/342/359 334/257/283
f 304/227/253 303/226/252 288/211/237
f 289/212/238 288/211/237 444/367/383
f 419/342/359 204/127/164 1274/1116/1252
f 1274/1116/1252 417/340/357 419/342/359
f 308/231/257 446/369/385 302/225/251
f 309/232/258 308/231/257 302/225/251
f 417/340/357 1274/1116/1252 421/344/361
f 421/344/361 415/338/355 417/340/357
f 314/237/263 313/236/262 307/230/256
f 313/236/262 447/370/386 307/230/256
f 648/571/573 691/614/611 650/573/575
f 645/568/570 694/617/614 647/570/572
f 643/566/568 698/621/618 644/567/569
f 570/493/499 693/616/613 571/494/500
f 584/507/513 696/619/616 585/508/514
f 589/512/518 695/618/615 590/513/519
f 643/566/568 644/567/569 642/565/567
f 645/568/570 647/570/572 646/569/571
f 648/571/573 650/573/575 649/572/574
f 591/514/520 594/517/523 590/513/519
f 589/512/518 588/511/517 585/508/514
f 584/507/513 583/506/512 571/494/500
f 203/126/163 670/593/591 1274/1116/1252
f 1274/1116/1252 204/127/164 203/126/163
f 670/593/591 668/591/589 421/344/361
f 421/344/361 1274/1116/1252 670/593/591
f 382/305/326 381/304/325 392/315/336
f 449/372/388 392/315/336 391/314/335
f 449/372/388 391/314/335 394/317/338
f 388/311/332 394/317/338 393/316/337
f 388/311/332 393/316/337 395/318/339
f 375/298/321 395/318/339 376/299/319
f 610/533/539 196/119/156 199/122/159
f 199/122/159 632/555/559 610/533/539
# Vertices: 1120, normals: 1138, texture coordinates: 1039, faces: 1894

o ShellRight
v -0.05004836 -0.77676729 1.08096079
v 0.44177121 -1.1085692 1.0213049
v 0.35407836 -0.57824464 0.94902652
v -0.06656 -0.43125254 0.99317552
v 0.77118349 -1.13660594 0.78555973
v 0.62369452 -0.5620997 0.75984471
v 0.78980411 -0.48715306 0.48501046
v 0.27009309 0.19721081 0.46615359
v 0.21595654 0.18589319 0.52380505
v 0.8385139 -2.23912466 0.63234902
v 1.03395207 -1.94537139 0.34786112
v 1.05533863 -1.44496093 0.39722515
v 0.83311403 -1.5965604 0.75342043
v 0.16181995 0.17457558 0.58145655
v 0.02476533 -0.07369772 0.79372334
v 0.51984173 -2.05284954 0.89535087
v 0.47379119 -1.56653737 1.01653075
v 0.23381472 -1.70425163 1.0766361
v 0.03077706 -1.2601092 1.14593275
v 0.77042337 -0.25627546 0.10184948
v 0.51416748 0.02861506 0.27254589
v 0.96946813 -0.99825045 0.45934625
v 0.92396055 -0.57314394 0.04371254
v 0.10976584 0.38069941 0.46233121
v 1.08689809 -1.03931979 0.02124113
v 1.12097186 -1.51878547 0.13187871
v -0.05542326 -0.78080599 1.05819456
v -0.0728935 -0.43951809 0.97184318
v 0.34461829 -0.58583992 0.92862254
v 0.43176071 -1.11145694 0.99997523
v 0.60834044 -0.57045839 0.74378584
v 0.75430591 -1.13956242 0.76913073
v 0.20230783 0.17379283 0.50861304
v 0.25476717 0.18472945 0.45300692
v 0.77053501 -0.49679884 0.47505226
v 0.82105791 -2.23629741 0.61651229
v 0.81572495 -1.59552813 0.73729416
v 1.03342412 -1.44613386 0.38817651
v 1.01279551 -1.94386033 0.33720165
v 0.01758691 -0.08450239 0.77384285
v 0.1501078 0.16284971 0.56446147
v 0.5073997 -2.04951684 0.87541105
v 0.46337792 -1.56530592 0.99523397
v 0.22664777 -1.70157019 1.05416498
v 0.02443939 -1.26137507 1.12309125
v 0.4962129 0.01555756 0.26414127
v 0.75063032 -0.26735485 0.09485052
v 0.94834495 -1.00346122 0.44985069
v 0.90203178 -0.58064315 0.03857488
v 0.10976584 0.38069941 0.46233121
v 1.064285 -1.04398839 0.01573187
v 1.09789529 -1.51942951 0.12635025
v 0.90203178 -0.58064315 0.03857488
v 0.75063032 -0.26735485 0.09485052
v 0.5073997 -2.04951684 0.87541105
v 0.82105791 -2.23629741 0.61651229
v 1.064285 -1.04398839 0.01573187
v 0.4962129 0.01555756 0.26414127
v 0.1501078 0.16284971 0.56446147
v 0.01758691 -0.08450239 0.77384285
v 0.25476717 0.18472945 0.45300692
v 0.02443939 -1.26137507 1.12309125
v 0.22664777 -1.70157019 1.05416498
v -0.0728935 -0.43951809 0.97184318
v 1.01279551 -1.94386033 0.33720165
v 1.09789529 -1.51942951 0.12635025
v -0.05542326 -0.78080599 1.05819456
vn 0.5069 0.24677 0.82593
vn 0.35296 -0.67291 0.65009
vn 0.52178 -0.66285 0.53701
vn 0.73793 0.22417 0.63656
vn 0.21311 -0.88909 0.40509
vn 0.42623 -0.85018 0.30906
vn 0.34136 -0.93961 0.02448
vn 0.52452 -0.68357 -0.50755
vn 0.57029 -0.78981 0.22575
vn -0.76965 -0.40789 0.49119
vn -0.71875 -0.67831 -0.15264
vn -0.01892 -0.99289 0.11749
vn 0.05243 -0.88629 0.46015
vn 0.86872 -0.15555 0.47024
vn 0.89957 0.14266 0.41282
vn -0.33481 -0.08934 0.93804
vn 0.19263 -0.66837 0.71845
vn -0.04435 0.16014 0.9861
vn 0.27766 0.23562 0.93134
vn 0.23192 -0.55206 -0.8009
vn 0.49844 -0.47269 -0.72672
vn 0.14856 -0.98646 0.06943
vn -0.05891 -0.62121 -0.78143
vn -0.77207 -0.4044 0.49027
vn -0.29745 -0.64662 -0.70243
vn -0.57005 -0.6463 -0.50729
vn -0.5064 -0.26343 -0.82107
vn -0.73625 -0.22466 -0.63834
vn -0.52197 0.66245 -0.53731
vn -0.35304 0.6726 -0.65037
vn -0.42622 0.85019 -0.30907
vn -0.21291 0.8891 -0.40517
vn -0.53026 0.80992 -0.2507
vn -0.52913 0.71645 0.45466
vn -0.34126 0.93966 -0.02396
vn 0.69893 0.49692 -0.51436
vn -0.05208 0.88626 -0.46025
vn 0.01919 0.99295 -0.11701
vn 0.71441 0.68286 0.1527
vn -0.89916 -0.15575 -0.40898
vn -0.85508 0.21648 -0.47113
vn 0.32996 0.09312 -0.93939
vn -0.19265 0.66796 -0.71883
vn 0.04853 -0.17339 -0.98366
vn -0.28872 -0.20195 -0.93587
vn -0.49641 0.462 0.73494
vn -0.22949 0.55269 0.80117
vn -0.1484 0.98651 -0.06904
vn 0.06147 0.60759 0.79187
vn -0.84245 -0.29084 0.45352
vn 0.28156 0.67285 0.6841
vn 0.57586 0.63552 0.5143
vn -0.0476 -0.64482 -0.76285
vn 0.24024 -0.58446 -0.77504
vn -0.30673 -0.14302 0.94099
vn -0.64813 -0.55095 0.52572
vn -0.2821 -0.67168 -0.68503
vn 0.50648 -0.51769 -0.68954
vn 0.87266 0.1237 0.47241
vn 0.89979 0.08568 0.42782
vn 0.45169 -0.52208 -0.72347
vn 0.28837 0.20348 0.93565
vn -0.02376 0.09847 0.99486
vn 0.74056 0.18316 0.64655
vn -0.68262 -0.71967 -0.1269
vn -0.54078 -0.69477 -0.47418
vn 0.51332 0.21568 0.83065
vt 0.51162 0.74305
vt 0.45936 0.80748
vt 0.44763 0.73449
vt 0.49287 0.69439
vt 0.40581 0.82221
vt 0.40353 0.7426
vt 0.35903 0.73703
vt 0.38879 0.62223
vt 0.40007 0.6219
vt 0.41015 0.97349
vt 0.35424 0.94305
vt 0.34701 0.8734
vt 0.40761 0.88493
vt 0.41135 0.62159
vt 0.45274 0.64966
vt 0.46421 0.93989
vt 0.46744 0.86995
vt 0.50407 0.88263
vt 0.52136 0.81374
vt 0.31157 0.69958
vt 0.34908 0.65263
vt 0.3515 0.81057
vt 0.29564 0.74924
vt 0.39917 0.59033
vt 0.28996 0.82037
vt 0.31118 0.88816
vt 0.08901 0.73769
vt 0.13287 0.71033
vt 0.14424 0.76942
vt 0.09103 0.81996
vt 0.17364 0.80203
vt 0.12391 0.86336
vt 0.24921 0.70881
vt 0.25761 0.71566
vt 0.21162 0.82404
vt 0.02848 0.98108
vt 0.08468 0.91176
vt 0.13884 0.93873
vt 0.09102 0.98934
vt 0.19161 0.69936
vt 0.24077 0.70201
vt 0.00746 0.9216
vt 0.04708 0.86434
vt 0.0107 0.85251
vt 0.03837 0.78748
vt 0.27037 0.76321
vt 0.27179 0.82294
vt 0.17318 0.88656
vt 0.25408 0.87151
vt 0.26934 0.68398
vt 0.21584 0.93137
vt 0.15794 0.97189
vt 0.29244 0.74856
vt 0.30866 0.698
vt 0.46656 0.94222
vt 0.41025 0.97701
vt 0.28668 0.82065
vt 0.34677 0.65032
vt 0.41398 0.61948
vt 0.45491 0.64722
vt 0.38605 0.62028
vt 0.52466 0.81383
vt 0.50708 0.88398
vt 0.49569 0.69264
vt 0.35203 0.9455
vt 0.30825 0.88968
vt 0.51478 0.74219
usemtl FireflyMaterial1
f 1275/1117/1253 1276/1118/1254 1277/1119/1255
f 1277/1119/1255 1278/1120/1256 1275/1117/1253
f 1276/1118/1254 1279/1121/1257 1280/1122/1258
f 1280/1122/1258 1277/1119/1255 1276/1118/1254
f 1280/1122/1258 1281/1123/1259 1282/1124/1260
f 1282/1124/1260 1283/1125/1261 1280/1122/1258
f 1284/1126/1262 1285/1127/1263 1286/1128/1264
f 1286/1128/1264 1287/1129/1265 1284/1126/1262
f 1278/1120/1256 1277/1119/1255 1288/1130/1266
f 1288/1130/1266 1289/1131/1267 1278/1120/1256
f 1290/1132/1268 1284/1126/1262 1287/1129/1265
f 1287/1129/1265 1291/1133/1269 1290/1132/1268
f 1292/1134/1270 1290/1132/1268 1291/1133/1269
f 1291/1133/1269 1293/1135/1271 1292/1134/1270
f 1281/1123/1259 1294/1136/1272 1295/1137/1273
f 1295/1137/1273 1282/1124/1260 1281/1123/1259
f 1296/1138/1274 1297/1139/1275 1294/1136/1272
f 1294/1136/1272 1281/1123/1259 1296/1138/1274
f 1277/1119/1255 1280/1122/1258 1283/1125/1261
f 1283/1125/1261 1288/1130/1266 1277/1119/1255
f 1279/1121/1257 1296/1138/1274 1281/1123/1259
f 1281/1123/1259 1280/1122/1258 1279/1121/1257
f 1298/1140/1276 1288/1130/1266 1283/1125/1261
f 1298/1140/1276 1283/1125/1261 1282/1124/1260
f 1279/1121/1257 1287/1129/1265 1286/1128/1264
f 1286/1128/1264 1296/1138/1274 1279/1121/1257
f 1275/1117/1253 1293/1135/1271 1291/1133/1269
f 1291/1133/1269 1276/1118/1254 1275/1117/1253
f 1296/1138/1274 1286/1128/1264 1299/1141/1277
f 1299/1141/1277 1297/1139/1275 1296/1138/1274
f 1276/1118/1254 1291/1133/1269 1287/1129/1265
f 1287/1129/1265 1279/1121/1257 1276/1118/1254
f 1285/1127/1263 1300/1142/1278 1299/1141/1277
f 1299/1141/1277 1286/1128/1264 1285/1127/1263
f 1301/1143/1279 1302/1144/1280 1303/1145/1281
f 1303/1145/1281 1304/1146/1282 1301/1143/1279
f 1304/1146/1282 1303/1145/1281 1305/1147/1283
f 1305/1147/1283 1306/1148/1284 1304/1146/1282
f 1305/1147/1283 1307/1149/1285 1308/1150/1286
f 1308/1150/1286 1309/1151/1287 1305/1147/1283
f 1310/1152/1288 1311/1153/1289 1312/1154/1290
f 1312/1154/1290 1313/1155/1291 1310/1152/1288
f 1302/1144/1280 1314/1156/1292 1315/1157/1293
f 1315/1157/1293 1303/1145/1281 1302/1144/1280
f 1316/1158/1294 1317/1159/1295 1311/1153/1289
f 1311/1153/1289 1310/1152/1288 1316/1158/1294
f 1318/1160/1296 1319/1161/1297 1317/1159/1295
f 1317/1159/1295 1316/1158/1294 1318/1160/1296
f 1309/1151/1287 1308/1150/1286 1320/1162/1298
f 1320/1162/1298 1321/1163/1299 1309/1151/1287
f 1322/1164/1300 1309/1151/1287 1321/1163/1299
f 1321/1163/1299 1323/1165/1301 1322/1164/1300
f 1303/1145/1281 1315/1157/1293 1307/1149/1285
f 1307/1149/1285 1305/1147/1283 1303/1145/1281
f 1306/1148/1284 1305/1147/1283 1309/1151/1287
f 1309/1151/1287 1322/1164/1300 1306/1148/1284
f 1324/1166/1302 1307/1149/1285 1315/1157/1293
f 1324/1166/1302 1308/1150/1286 1307/1149/1285
f 1306/1148/1284 1322/1164/1300 1312/1154/1290
f 1312/1154/1290 1311/1153/1289 1306/1148/1284
f 1301/1143/1279 1304/1146/1282 1317/1159/1295
f 1317/1159/1295 1319/1161/1297 1301/1143/1279
f 1322/1164/1300 1323/1165/1301 1325/1167/1303
f 1325/1167/1303 1312/1154/1290 1322/1164/1300
f 1304/1146/1282 1306/1148/1284 1311/1153/1289
f 1311/1153/1289 1317/1159/1295 1304/1146/1282
f 1313/1155/1291 1312/1154/1290 1325/1167/1303
f 1325/1167/1303 1326/1168/1304 1313/1155/1291
f 1327/1169/1305 1328/1170/1306 1294/1136/1272
f 1294/1136/1272 1297/1139/1275 1327/1169/1305
f 1329/1171/1307 1330/1172/1308 1284/1126/1262
f 1284/1126/1262 1290/1132/1268 1329/1171/1307
f 1331/1173/1309 1327/1169/1305 1297/1139/1275
f 1297/1139/1275 1299/1141/1277 1331/1173/1309
f 1328/1170/1306 1332/1174/1310 1295/1137/1273
f 1295/1137/1273 1294/1136/1272 1328/1170/1306
f 1333/1175/1311 1334/1176/1312 1289/1131/1267
f 1289/1131/1267 1288/1130/1266 1333/1175/1311
f 1332/1174/1310 1335/1177/1313 1282/1124/1260
f 1282/1124/1260 1295/1137/1273 1332/1174/1310
f 1336/1178/1314 1337/1179/1315 1292/1134/1270
f 1292/1134/1270 1293/1135/1271 1336/1178/1314
f 1337/1179/1315 1329/1171/1307 1290/1132/1268
f 1290/1132/1268 1292/1134/1270 1337/1179/1315
f 1298/1140/1276 1282/1124/1260 1335/1177/1313
f 1334/1176/1312 1338/1180/1316 1278/1120/1256
f 1278/1120/1256 1289/1131/1267 1334/1176/1312
f 1339/1181/1317 1340/1182/1318 1300/1142/1278
f 1300/1142/1278 1285/1127/1263 1339/1181/1317
f 1338/1180/1316 1341/1183/1319 1275/1117/1253
f 1275/1117/1253 1278/1120/1256 1338/1180/1316
f 1288/1130/1266 1298/1140/1276 1333/1175/1311
f 1340/1182/1318 1331/1173/1309 1299/1141/1277
f 1299/1141/1277 1300/1142/1278 1340/1182/1318
f 1341/1183/1319 1336/1178/1314 1293/1135/1271
f 1293/1135/1271 1275/1117/1253 1341/1183/1319
f 1330/1172/1308 1339/1181/1317 1285/1127/1263
f 1285/1127/1263 1284/1126/1262 1330/1172/1308
# Vertices: 67, normals: 67, texture coordinates: 67, faces: 98

o ShellLeft
v 0.04375316 -0.77533532 1.0768035
v 0.06026478 -0.42982042 0.98901818
v -0.36037364 -0.57681268 0.94486915
v -0.44806645 -1.1071375 1.01714757
v -0.62998982 -0.56066781 0.75568726
v -0.77747877 -1.13517434 0.78140231
v -0.22225184 0.18732549 0.51964752
v -0.2763884 0.19864309 0.46199604
v -0.79609944 -0.4857212 0.48085292
v -0.8448091 -2.23769359 0.62819165
v -0.83940928 -1.59512902 0.74926303
v -1.06163391 -1.44352957 0.39306764
v -1.04024731 -1.94394025 0.34370363
v -0.03106059 -0.07226547 0.78956592
v -0.16811524 0.17600788 0.57729904
v -0.52613691 -2.05141828 0.89119358
v -0.4800864 -1.56510588 1.01237345
v -0.24010989 -1.70282014 1.07247885
v -0.03707224 -1.25867746 1.14177551
v -0.5204628 0.0300472 0.26838828
v -0.7767187 -0.25484353 0.09769183
v -0.97576343 -0.99681886 0.45518872
v -0.93025587 -0.57171218 0.03955488
v -0.11606113 0.38213181 0.45817366
v -1.09319339 -1.03788828 0.01708349
v -1.12726713 -1.51735418 0.12772113
v 0.04912806 -0.77937402 1.05403727
v -0.43805596 -1.11002523 0.9958179
v -0.35091356 -0.58440796 0.92446516
v 0.06659828 -0.43808597 0.96768584
v -0.76060118 -1.13813082 0.76497332
v -0.61463574 -0.5690265 0.73962838
v -0.77683033 -0.49536698 0.47089471
v -0.26106247 0.18616173 0.44884937
v -0.20860312 0.17522512 0.50445551
v -0.82735311 -2.23486633 0.61235492
v -1.01909075 -1.94242919 0.33304417
v -1.0397194 -1.44470249 0.38401899
v -0.8220202 -1.59409675 0.73313676
v -0.15640309 0.16428202 0.56030396
v -0.02388216 -0.08307015 0.76968543
v -0.51369488 -2.04808558 0.87125376
v -0.46967313 -1.56387442 0.99107667
v -0.23294293 -1.7001387 1.05000773
v -0.03073456 -1.25994333 1.11893401
v -0.75692564 -0.26592292 0.09069287
v -0.50250821 0.0169897 0.25998367
v -0.95464025 -1.00202963 0.44569316
v -0.9083271 -0.57921139 0.03441722
v -0.11606113 0.38213181 0.45817366
v -1.0705803 -1.04255689 0.01157423
v -1.10419056 -1.51799821 0.12219267
v -0.9083271 -0.57921139 0.03441722
v -0.75692564 -0.26592292 0.09069287
v -0.51369488 -2.04808558 0.87125376
v -0.82735311 -2.23486633 0.61235492
v -1.0705803 -1.04255689 0.01157423
v -0.50250821 0.0169897 0.25998367
v -0.15640309 0.16428202 0.56030396
v -0.02388216 -0.08307015 0.76968543
v -0.26106247 0.18616173 0.44884937
v -0.03073456 -1.25994333 1.11893401
v -0.23294293 -1.7001387 1.05000773
v 0.06659828 -0.43808597 0.96768584
v -1.01909075 -1.94242919 0.33304417
v -1.10419056 -1.51799821 0.12219267
v 0.04912806 -0.77937402 1.05403727
vn -0.5069 0.24677 0.82593
vn -0.73793 0.22417 0.63656
vn -0.52178 -0.66284 0.53701
vn -0.35296 -0.67291 0.65009
vn -0.42623 -0.85018 0.30906
vn -0.21311 -0.88909 0.40509
vn -0.57029 -0.78981 0.22575
vn -0.52452 -0.68357 -0.50755
vn -0.34136 -0.93961 0.02448
vn 0.76965 -0.40789 0.49119
vn -0.05243 -0.88629 0.46015
vn 0.01892 -0.99289 0.11749
vn 0.71875 -0.67831 -0.15264
vn -0.89957 0.14266 0.41282
vn -0.86872 -0.15555 0.47024
vn 0.33481 -0.08934 0.93804
vn -0.19263 -0.66837 0.71845
vn 0.04435 0.16014 0.9861
vn -0.27766 0.23562 0.93134
vn -0.49844 -0.47269 -0.72672
vn -0.23192 -0.55206 -0.8009
vn -0.14856 -0.98646 0.06943
vn 0.05891 -0.62121 -0.78143
vn 0.77213 -0.40449 0.49011
vn 0.29745 -0.64662 -0.70243
vn 0.57005 -0.6463 -0.50729
vn 0.50219 -0.26332 -0.82369
vn 0.35304 0.6726 -0.65037
vn 0.52197 0.66245 -0.53731
vn 0.73535 -0.22476 -0.63933
vn 0.21291 0.8891 -0.40517
vn 0.42622 0.85019 -0.30907
vn 0.34126 0.93966 -0.02396
vn 0.50609 0.73089 0.4579
vn 0.53026 0.80992 -0.2507
vn -0.69892 0.49691 -0.51438
vn -0.70962 0.68562 0.1624
vn -0.01919 0.99295 -0.11701
vn 0.05208 0.88626 -0.46025
vn 0.84149 0.21632 -0.49508
vn 0.89569 -0.15752 -0.41584
vn -0.32049 0.08865 -0.94309
vn 0.19265 0.66796 -0.71883
vn -0.04282 -0.17526 -0.98359
vn 0.28549 -0.20141 -0.93698
vn 0.22829 0.55313 0.80121
vn 0.48983 0.46518 0.73735
vn 0.1484 0.98651 -0.06904
vn -0.06605 0.60849 0.79081
vn 0.84241 -0.29077 0.45365
vn -0.28458 0.67314 0.68257
vn -0.57158 0.63591 0.51858
vn -0.00633 -0.63205 -0.7749
vn -0.21848 -0.59201 -0.77575
vn 0.28436 -0.13193 0.9496
vn 0.64816 -0.55099 0.52564
vn 0.25341 -0.66829 -0.69941
vn -0.51312 -0.51444 -0.68706
vn -0.83275 0.12877 0.53846
vn -0.90318 0.08391 0.42098
vn -0.38456 -0.55878 -0.73476
vn -0.31833 0.20876 0.92471
vn 0.02491 0.09809 0.99487
vn -0.72513 0.1851 0.66326
vn 0.67145 -0.72571 -0.14999
vn 0.54178 -0.69468 -0.47317
vn -0.5604 0.21789 0.79905
vt 0.51162 0.74305
vt 0.49287 0.69439
vt 0.44763 0.73449
vt 0.45936 0.80748
vt 0.40353 0.7426
vt 0.40581 0.82221
vt 0.40007 0.6219
vt 0.38879 0.62223
vt 0.35903 0.73703
vt 0.41015 0.97349
vt 0.40761 0.88493
vt 0.34701 0.8734
vt 0.35424 0.94305
vt 0.45274 0.64966
vt 0.41135 0.62159
vt 0.46421 0.93989
vt 0.46744 0.86995
vt 0.50407 0.88263
vt 0.52136 0.81374
vt 0.34908 0.65263
vt 0.31157 0.69958
vt 0.3515 0.81057
vt 0.29564 0.74924
vt 0.39917 0.59033
vt 0.28996 0.82037
vt 0.31118 0.88816
vt 0.08901 0.73769
vt 0.09103 0.81996
vt 0.14424 0.76942
vt 0.13287 0.71033
vt 0.12391 0.86336
vt 0.17364 0.80203
vt 0.21162 0.82404
vt 0.25761 0.71566
vt 0.24921 0.70881
vt 0.02848 0.98108
vt 0.09102 0.98934
vt 0.13884 0.93873
vt 0.08468 0.91176
vt 0.24077 0.70201
vt 0.19161 0.69936
vt 0.00746 0.9216
vt 0.04708 0.86434
vt 0.0107 0.85251
vt 0.03837 0.78748
vt 0.27179 0.82294
vt 0.27037 0.76321
vt 0.17318 0.88656
vt 0.25408 0.87151
vt 0.26934 0.68398
vt 0.21584 0.93137
vt 0.15794 0.97189
vt 0.29244 0.74856
vt 0.30866 0.698
vt 0.46656 0.94222
vt 0.41025 0.97701
vt 0.28668 0.82065
vt 0.34677 0.65032
vt 0.41398 0.61948
vt 0.45491 0.64722
vt 0.38605 0.62028
vt 0.52466 0.81383
vt 0.50708 0.88398
vt 0.49569 0.69264
vt 0.35203 0.9455
vt 0.30825 0.88968
vt 0.51478 0.74219
usemtl FireflyMaterial1
f 1342/1184/1320 1343/1185/1321 1344/1186/1322
f 1344/1186/1322 1345/1187/1323 1342/1184/1320
f 1345/1187/1323 1344/1186/1322 1346/1188/1324
f 1346/1188/1324 1347/1189/1325 1345/1187/1323
f 1346/1188/1324 1348/1190/1326 1349/1191/1327
f 1349/1191/1327 1350/1192/1328 1346/1188/1324
f 1351/1193/1329 1352/1194/1330 1353/1195/1331
f 1353/1195/1331 1354/1196/1332 1351/1193/1329
f 1343/1185/1321 1355/1197/1333 1356/1198/1334
f 1356/1198/1334 1344/1186/1322 1343/1185/1321
f 1357/1199/1335 1358/1200/1336 1352/1194/1330
f 1352/1194/1330 1351/1193/1329 1357/1199/1335
f 1359/1201/1337 1360/1202/1338 1358/1200/1336
f 1358/1200/1336 1357/1199/1335 1359/1201/1337
f 1350/1192/1328 1349/1191/1327 1361/1203/1339
f 1361/1203/1339 1362/1204/1340 1350/1192/1328
f 1363/1205/1341 1350/1192/1328 1362/1204/1340
f 1362/1204/1340 1364/1206/1342 1363/1205/1341
f 1344/1186/1322 1356/1198/1334 1348/1190/1326
f 1348/1190/1326 1346/1188/1324 1344/1186/1322
f 1347/1189/1325 1346/1188/1324 1350/1192/1328
f 1350/1192/1328 1363/1205/1341 1347/1189/1325
f 1365/1207/1343 1348/1190/1326 1356/1198/1334
f 1365/1207/1343 1349/1191/1327 1348/1190/1326
f 1347/1189/1325 1363/1205/1341 1353/1195/1331
f 1353/1195/1331 1352/1194/1330 1347/1189/1325
f 1342/1184/1320 1345/1187/1323 1358/1200/1336
f 1358/1200/1336 1360/1202/1338 1342/1184/1320
f 1363/1205/1341 1364/1206/1342 1366/1208/1344
f 1366/1208/1344 1353/1195/1331 1363/1205/1341
f 1345/1187/1323 1347/1189/1325 1352/1194/1330
f 1352/1194/1330 1358/1200/1336 1345/1187/1323
f 1354/1196/1332 1353/1195/1331 1366/1208/1344
f 1366/1208/1344 1367/1209/1345 1354/1196/1332
f 1368/1210/1346 1369/1211/1347 1370/1212/1348
f 1370/1212/1348 1371/1213/1349 1368/1210/1346
f 1369/1211/1347 1372/1214/1350 1373/1215/1351
f 1373/1215/1351 1370/1212/1348 1369/1211/1347
f 1373/1215/1351 1374/1216/1352 1375/1217/1353
f 1375/1217/1353 1376/1218/1354 1373/1215/1351
f 1377/1219/1355 1378/1220/1356 1379/1221/1357
f 1379/1221/1357 1380/1222/1358 1377/1219/1355
f 1371/1213/1349 1370/1212/1348 1381/1223/1359
f 1381/1223/1359 1382/1224/1360 1371/1213/1349
f 1383/1225/1361 1377/1219/1355 1380/1222/1358
f 1380/1222/1358 1384/1226/1362 1383/1225/1361
f 1385/1227/1363 1383/1225/1361 1384/1226/1362
f 1384/1226/1362 1386/1228/1364 1385/1227/1363
f 1374/1216/1352 1387/1229/1365 1388/1230/1366
f 1388/1230/1366 1375/1217/1353 1374/1216/1352
f 1389/1231/1367 1390/1232/1368 1387/1229/1365
f 1387/1229/1365 1374/1216/1352 1389/1231/1367
f 1370/1212/1348 1373/1215/1351 1376/1218/1354
f 1376/1218/1354 1381/1223/1359 1370/1212/1348
f 1372/1214/1350 1389/1231/1367 1374/1216/1352
f 1374/1216/1352 1373/1215/1351 1372/1214/1350
f 1391/1233/1369 1381/1223/1359 1376/1218/1354
f 1391/1233/1369 1376/1218/1354 1375/1217/1353
f 1372/1214/1350 1380/1222/1358 1379/1221/1357
f 1379/1221/1357 1389/1231/1367 1372/1214/1350
f 1368/1210/1346 1386/1228/1364 1384/1226/1362
f 1384/1226/1362 1369/1211/1347 1368/1210/1346
f 1389/1231/1367 1379/1221/1357 1392/1234/1370
f 1392/1234/1370 1390/1232/1368 1389/1231/1367
f 1369/1211/1347 1384/1226/1362 1380/1222/1358
f 1380/1222/1358 1372/1214/1350 1369/1211/1347
f 1378/1220/1356 1393/1235/1371 1392/1234/1370
f 1392/1234/1370 1379/1221/1357 1378/1220/1356
f 1394/1236/1372 1364/1206/1342 1362/1204/1340
f 1362/1204/1340 1395/1237/1373 1394/1236/1372
f 1396/1238/1374 1357/1199/1335 1351/1193/1329
f 1351/1193/1329 1397/1239/1375 1396/1238/1374
f 1398/1240/1376 1366/1208/1344 1364/1206/1342
f 1364/1206/1342 1394/1236/1372 1398/1240/1376
f 1395/1237/1373 1362/1204/1340 1361/1203/1339
f 1361/1203/1339 1399/1241/1377 1395/1237/1373
f 1400/1242/1378 1356/1198/1334 1355/1197/1333
f 1355/1197/1333 1401/1243/1379 1400/1242/1378
f 1399/1241/1377 1361/1203/1339 1349/1191/1327
f 1349/1191/1327 1402/1244/1380 1399/1241/1377
f 1403/1245/1381 1360/1202/1338 1359/1201/1337
f 1359/1201/1337 1404/1246/1382 1403/1245/1381
f 1404/1246/1382 1359/1201/1337 1357/1199/1335
f 1357/1199/1335 1396/1238/1374 1404/1246/1382
f 1365/1207/1343 1402/1244/1380 1349/1191/1327
f 1401/1243/1379 1355/1197/1333 1343/1185/1321
f 1343/1185/1321 1405/1247/1383 1401/1243/1379
f 1406/1248/1384 1354/1196/1332 1367/1209/1345
f 1367/1209/1345 1407/1249/1385 1406/1248/1384
f 1405/1247/1383 1343/1185/1321 1342/1184/1320
f 1342/1184/1320 1408/1250/1386 1405/1247/1383
f 1356/1198/1334 1400/1242/1378 1365/1207/1343
f 1407/1249/1385 1367/1209/1345 1366/1208/1344
f 1366/1208/1344 1398/1240/1376 1407/1249/1385
f 1408/1250/1386 1342/1184/1320 1360/1202/1338
f 1360/1202/1338 1403/1245/1381 1408/1250/1386
f 1397/1239/1375 1351/1193/1329 1354/1196/1332
f 1354/1196/1332 1406/1248/1384 1397/1239/1375
# Vertices: 67, normals: 67, texture coordinates: 67, faces: 98
